column,dtype,missing_count,missing_pct,unique_values
timestamp,datetime64[us],0,0.0,7254
zone_normalized,string,0,0.0,20
trips,float64,829,1.768,206
hour,int32,0,0.0,24
day_of_week,int32,0,0.0,7
day_name,str,0,0.0,7
day_of_month,int32,0,0.0,31
week_of_year,Int64,0,0.0,44
month,int32,0,0.0,10
is_weekend,int64,0,0.0,2
is_morning_peak,int64,0,0.0,2
is_evening_peak,int64,0,0.0,2
lag_1h,float64,848,1.809,206
lag_2h,float64,867,1.849,206
lag_3h,float64,885,1.888,206
lag_24h,float64,1294,2.76,206
lag_48h,float64,1764,3.762,206
lag_168h,float64,4120,8.787,205
rolling_mean_24h,float64,6,0.013,3619
rolling_mean_168h,float64,24,0.051,23184
temp_c,float64,5815,12.402,353
rain_mm,float64,5592,11.927,114
humidity_pct,float64,6444,13.744,64
wind_kmh,float64,5592,11.927,234
event_active,int64,0,0.0,2
active_event_count,int64,0,0.0,7
event_types,str,0,0.0,17
