feature,importance,importance_std,group
prof8,25.348725792819796,0.288133497491205,lag
wk_mean,0.5047987654295145,0.08108129477157383,lag
zone,0.48834077661088565,0.04523609189757927,calendar
rain_mm,0.378324211712976,0.017193979812280484,weather
hour_dow,0.19259884262628227,0.03232147554553263,lag
day_of_week,0.149896475463197,0.01126601753095269,calendar
roll_mean_168h_lag336,0.12354646876325859,0.025776934871430107,lag
wk_med,0.12165990759067391,0.04077469736257827,lag
hour,0.09378419700582477,0.014688719905227694,calendar
day_of_month,0.07406807119892171,0.01192580729023101,calendar
hour_sin,0.07252232416632473,0.012325600064238985,calendar
is_payday_window,0.06491279117361373,0.018908134799950002,calendar
hour_cos,0.04427993726129387,0.006188531998994281,calendar
temp_c,0.04008418712533342,0.011925879068658005,weather
conference_window,0.038914706916585474,0.004894463308306886,event
lag_504h,0.03185515850612362,0.03114491894333847,lag
lag_336h,0.030018748332743782,0.020454023695976518,lag
humidity_pct,0.027291713362173554,0.008707659241160057,weather
rain_class_ord,0.02335973007930079,0.0032260279875572116,weather
is_raining,0.02157169605082778,0.003202229848464626,weather
event_pre,0.01588722113997889,0.007271532242994081,event
concert_window,0.011486649690061057,0.001481122715541893,event
is_weekend,0.011311562268542375,0.004474797197068257,calendar
lag_ratio,0.009099276250430322,0.007509602706060219,lag
rain_3h_sum,0.00684426300660732,0.0009912630618152463,weather
road_closure_window,0.00660305043836118,0.0044222327519741695,event
wk_std,0.0010490585521726104,0.002973113334112585,lag
football_window,9.013786723350847e-05,0.002545262251329144,event
is_school_break,0.0,0.0,calendar
is_public_holiday,0.0,0.0,calendar
is_holiday_eve,0.0,0.0,event
days_since_start,0.0,0.0,calendar
wind_kmh,-0.0012575510020884195,0.008237652116191945,weather
event_post,-0.0016513058615441167,0.0032108451265562446,event
lag_672h,-0.0018816670815272828,0.006351143866531946,lag
event_in_window,-0.00518625804142907,0.0010013474602559873,event
lag_840h,-0.015725201281266976,0.01009077062571182,lag
event_during,-0.016886281545987814,0.008269632551192264,event
event_attendance,-0.01735518201617836,0.008543756343423579,event
post_event_attendance,-0.03062496733515836,0.007134497556513525,event
