datetime,temp_c,rain_mm,humidity_pct,wind_kmh,data_type,weather_imputed,rain_3h_sum,is_raining,rain_class
2025-11-01 00:00:00,14.2,0.0,85.0,5.7,forecast,False,0.0,0,none
2025-11-01 01:00:00,10.9,0.0,88.0,9.8,forecast,False,0.0,0,none
2025-11-01 02:00:00,11.2,0.0,83.0,9.4,forecast,False,0.0,0,none
2025-11-01 03:00:00,10.4,0.0,78.0,9.8,forecast,False,0.0,0,none
2025-11-01 04:00:00,11.5,0.0,83.0,13.4,forecast,False,0.0,0,none
2025-11-01 05:00:00,12.2,0.0,87.0,7.0,forecast,False,0.0,0,none
2025-11-01 06:00:00,13.2,0.0,84.0,7.8,forecast,False,0.0,0,none
2025-11-01 07:00:00,15.1,0.0,67.0,13.3,forecast,False,0.0,0,none
2025-11-01 08:00:00,16.1,0.0,79.0,8.0,forecast,False,0.0,0,none
2025-11-01 09:00:00,17.8,0.0,69.0,7.8,forecast,False,0.0,0,none
2025-11-01 10:00:00,19.3,0.0,67.0,7.2,forecast,False,0.0,0,none
2025-11-01 11:00:00,21.1,0.0,59.0,14.6,forecast,False,0.0,0,none
2025-11-01 12:00:00,22.9,0.0,56.0,6.1,forecast,False,0.0,0,none
2025-11-01 13:00:00,21.8,0.0,48.0,17.9,forecast,False,0.0,0,none
2025-11-01 14:00:00,25.5,0.0,54.0,8.3,forecast,False,0.0,0,none
2025-11-01 15:00:00,23.9,0.0,56.0,6.4,forecast,False,0.0,0,none
2025-11-01 16:00:00,24.2,0.0,51.0,4.1,forecast,True,0.0,0,none
2025-11-01 17:00:00,22.8,0.0,60.0,7.1,forecast,False,0.0,0,none
2025-11-01 18:00:00,22.4,0.0,65.0,9.3,forecast,False,0.0,0,none
2025-11-01 19:00:00,22.8,0.0,56.0,21.6,forecast,False,0.0,0,none
2025-11-01 20:00:00,20.1,0.0,64.0,10.9,forecast,False,0.0,0,none
2025-11-01 21:00:00,17.0,0.0,65.0,12.9,forecast,False,0.0,0,none
2025-11-01 22:00:00,15.4,0.0,73.0,11.0,forecast,False,0.0,0,none
2025-11-01 23:00:00,14.6,0.0,80.0,14.1,forecast,False,0.0,0,none
2025-11-02 00:00:00,13.1,0.0,84.0,14.9,forecast,False,0.0,0,none
2025-11-02 01:00:00,11.0,0.0,84.0,3.8,forecast,False,0.0,0,none
2025-11-02 02:00:00,10.7,0.0,82.0,16.2,forecast,False,0.0,0,none
2025-11-02 03:00:00,11.0,0.0,81.0,11.9,forecast,False,0.0,0,none
2025-11-02 04:00:00,11.7,0.0,94.0,10.4,forecast,False,0.0,0,none
2025-11-02 05:00:00,11.9,0.0,82.0,16.0,forecast,False,0.0,0,none
2025-11-02 06:00:00,12.9,0.0,73.0,12.7,forecast,False,0.0,0,none
2025-11-02 07:00:00,16.0,0.0,83.0,9.1,forecast,False,0.0,0,none
2025-11-02 08:00:00,16.1,0.0,74.0,17.1,forecast,False,0.0,0,none
2025-11-02 09:00:00,18.5,0.2,67.0,11.2,forecast,False,0.1999999999999982,1,light
2025-11-02 10:00:00,20.1,0.0,65.0,13.7,forecast,False,0.1999999999999982,0,none
2025-11-02 11:00:00,21.5,0.0,60.0,15.3,forecast,False,0.1999999999999982,0,none
2025-11-02 12:00:00,23.5,0.3,53.0,5.6,forecast,False,0.2999999999999982,1,light
2025-11-02 13:00:00,24.2,0.0,57.5,5.25,forecast,True,0.2999999999999982,0,none
2025-11-02 14:00:00,24.9,0.0,62.0,4.9,forecast,False,0.2999999999999982,0,none
2025-11-02 15:00:00,24.3,0.6,69.0,15.0,forecast,False,0.5999999999999982,1,light
2025-11-02 16:00:00,24.9,0.0,56.0,6.9,forecast,False,0.5999999999999982,0,none
2025-11-02 17:00:00,22.8,13.0,65.0,4.1,forecast,False,13.599999999999998,1,heavy
2025-11-02 18:00:00,23.7,0.0,57.0,12.0,forecast,False,12.999999999999998,0,none
2025-11-02 19:00:00,21.0,0.0,60.0,8.6,forecast,False,12.999999999999998,0,none
2025-11-02 20:00:00,18.9,0.0,62.0,20.8,forecast,False,0.0,0,none
2025-11-02 21:00:00,18.3,0.0,64.0,6.8,forecast,False,0.0,0,none
2025-11-02 22:00:00,15.6,0.0,72.0,13.5,forecast,False,0.0,0,none
2025-11-02 23:00:00,15.7,0.0,75.0,8.9,forecast,False,0.0,0,none
2025-11-03 00:00:00,13.8,0.0,80.0,15.5,forecast,False,0.0,0,none
2025-11-03 01:00:00,11.9,0.0,86.0,7.5,forecast,False,0.0,0,none
2025-11-03 02:00:00,12.9,0.0,78.0,7.0,forecast,False,0.0,0,none
2025-11-03 03:00:00,14.3,0.0,85.0,14.8,forecast,False,0.0,0,none
2025-11-03 04:00:00,12.4,0.0,84.0,7.4,forecast,False,0.0,0,none
2025-11-03 05:00:00,12.8,0.0,84.0,7.8,forecast,False,0.0,0,none
2025-11-03 06:00:00,14.2,0.0,82.0,13.7,forecast,False,0.0,0,none
2025-11-03 07:00:00,15.2,0.0,65.0,10.3,forecast,False,0.0,0,none
2025-11-03 08:00:00,16.0,0.0,69.0,10.7,forecast,False,0.0,0,none
2025-11-03 09:00:00,19.9,0.0,71.0,12.8,forecast,False,0.0,0,none
2025-11-03 10:00:00,18.0,0.0,64.0,17.1,forecast,False,0.0,0,none
2025-11-03 11:00:00,19.9,0.0,67.0,12.1,forecast,False,0.0,0,none
2025-11-03 12:00:00,22.8,0.0,58.0,7.2,forecast,False,0.0,0,none
2025-11-03 13:00:00,24.8,0.0,54.0,12.6,forecast,False,0.0,0,none
2025-11-03 14:00:00,24.8,0.0,46.0,13.3,forecast,False,0.0,0,none
2025-11-03 15:00:00,25.6,0.0,41.0,11.9,forecast,False,0.0,0,none
2025-11-03 16:00:00,25.3,0.0,51.0,15.5,forecast,False,0.0,0,none
2025-11-03 17:00:00,24.0,0.0,55.0,11.0,forecast,False,0.0,0,none
2025-11-03 18:00:00,24.4,0.0,61.0,8.3,forecast,False,0.0,0,none
2025-11-03 19:00:00,21.6,0.0,63.0,7.9,forecast,False,0.0,0,none
2025-11-03 20:00:00,19.8,0.0,60.0,7.7,forecast,False,0.0,0,none
2025-11-03 21:00:00,19.9,0.0,61.0,6.6,forecast,False,0.0,0,none
2025-11-03 22:00:00,18.3,0.0,66.0,10.8,forecast,False,0.0,0,none
2025-11-03 23:00:00,13.7,0.0,87.0,5.8,forecast,False,0.0,0,none
2025-11-04 00:00:00,12.9,0.0,72.0,13.9,forecast,False,0.0,0,none
2025-11-04 01:00:00,13.2,0.0,69.0,9.0,forecast,False,0.0,0,none
2025-11-04 02:00:00,11.8,0.0,78.0,10.9,forecast,False,0.0,0,none
2025-11-04 03:00:00,11.5,0.0,89.0,15.9,forecast,False,0.0,0,none
2025-11-04 04:00:00,11.2,0.3,85.0,7.5,forecast,False,0.2999999999999982,1,light
2025-11-04 05:00:00,13.2,0.0,86.0,8.4,forecast,False,0.2999999999999982,0,none
2025-11-04 06:00:00,14.0,0.0,81.0,10.9,forecast,False,0.2999999999999982,0,none
2025-11-04 07:00:00,14.7,0.0,81.0,13.7,forecast,False,0.0,0,none
2025-11-04 08:00:00,16.9,0.0,71.0,16.3,forecast,False,0.0,0,none
2025-11-04 09:00:00,18.5,0.0,64.0,13.7,forecast,False,0.0,0,none
2025-11-04 10:00:00,21.5,0.0,68.0,8.7,forecast,False,0.0,0,none
2025-11-04 11:00:00,22.0,0.0,61.0,6.6,forecast,False,0.0,0,none
2025-11-04 12:00:00,23.7,0.0,63.0,12.5,forecast,False,0.0,0,none
2025-11-04 13:00:00,23.6,0.3,54.0,14.0,forecast,False,0.2999999999999982,1,light
2025-11-04 14:00:00,26.3,0.0,45.0,6.6,forecast,False,0.2999999999999982,0,none
2025-11-04 15:00:00,25.2,0.0,51.0,9.0,forecast,False,0.2999999999999982,0,none
2025-11-04 16:00:00,25.5,0.3,42.0,8.6,forecast,False,0.2999999999999982,1,light
2025-11-04 17:00:00,24.1,0.0,54.0,12.8,forecast,False,0.2999999999999982,0,none
2025-11-04 18:00:00,22.9,0.0,45.0,12.4,forecast,False,0.2999999999999982,0,none
2025-11-04 19:00:00,23.6,0.0,57.0,20.6,forecast,False,0.0,0,none
2025-11-04 20:00:00,21.1,0.0,69.0,7.7,forecast,False,0.0,0,none
2025-11-04 21:00:00,18.6,0.0,70.0,15.3,forecast,False,0.0,0,none
2025-11-04 22:00:00,17.5,0.0,69.0,10.0,forecast,False,0.0,0,none
2025-11-04 23:00:00,16.9,0.0,70.0,6.0,forecast,False,0.0,0,none
2025-11-05 00:00:00,13.8,0.0,80.0,9.9,forecast,False,0.0,0,none
2025-11-05 01:00:00,12.6,0.0,78.0,5.0,forecast,False,0.0,0,none
2025-11-05 02:00:00,11.2,0.0,77.0,25.5,forecast,False,0.0,0,none
2025-11-05 03:00:00,12.3,0.0,83.0,12.9,forecast,False,0.0,0,none
2025-11-05 04:00:00,12.9,0.0,80.0,8.5,forecast,False,0.0,0,none
2025-11-05 05:00:00,13.0,0.0,86.0,13.5,forecast,False,0.0,0,none
2025-11-05 06:00:00,13.9,0.0,75.0,9.9,forecast,False,0.0,0,none
2025-11-05 07:00:00,15.7,0.0,86.0,7.4,forecast,False,0.0,0,none
2025-11-05 08:00:00,18.0,0.0,72.0,7.8,forecast,False,0.0,0,none
2025-11-05 09:00:00,19.3,0.0,61.0,12.6,forecast,False,0.0,0,none
2025-11-05 10:00:00,20.7,0.0,61.0,11.2,forecast,False,0.0,0,none
2025-11-05 11:00:00,21.1,0.0,65.0,8.2,forecast,False,0.0,0,none
2025-11-05 12:00:00,23.8,0.0,58.0,15.0,forecast,False,0.0,0,none
2025-11-05 13:00:00,22.9,0.0,56.0,7.5,forecast,False,0.0,0,none
2025-11-05 14:00:00,25.2,0.0,53.0,8.3,forecast,True,0.0,0,none
2025-11-05 15:00:00,24.1,0.0,45.0,20.0,forecast,False,0.0,0,none
2025-11-05 16:00:00,25.4,0.0,56.0,5.1,forecast,False,0.0,0,none
2025-11-05 17:00:00,24.9,0.0,49.0,8.3,forecast,False,0.0,0,none
2025-11-05 18:00:00,23.5,0.0,63.0,11.8,forecast,False,0.0,0,none
2025-11-05 19:00:00,20.8,0.0,55.0,12.0,forecast,False,0.0,0,none
2025-11-05 20:00:00,17.9,0.0,54.0,10.9,forecast,False,0.0,0,none
2025-11-05 21:00:00,17.1,0.0,70.0,7.0,forecast,False,0.0,0,none
2025-11-05 22:00:00,16.1,0.0,65.0,10.1,forecast,False,0.0,0,none
2025-11-05 23:00:00,14.7,0.0,70.0,8.1,forecast,False,0.0,0,none
2025-11-06 00:00:00,10.6,0.0,85.0,11.6,forecast,False,0.0,0,none
2025-11-06 01:00:00,10.5,0.0,85.0,10.5,forecast,False,0.0,0,none
2025-11-06 02:00:00,9.8,0.0,91.0,11.0,forecast,False,0.0,0,none
2025-11-06 03:00:00,12.0,0.1,89.0,11.9,forecast,False,0.0999999999999982,1,light
2025-11-06 04:00:00,12.1,0.0,81.5,9.95,forecast,True,0.0999999999999982,0,none
2025-11-06 05:00:00,12.2,0.0,74.0,8.0,forecast,False,0.0999999999999982,0,none
2025-11-06 06:00:00,13.0,0.0,82.0,12.5,forecast,False,0.0,0,none
2025-11-06 07:00:00,14.3,0.0,71.0,13.1,forecast,False,0.0,0,none
2025-11-06 08:00:00,17.7,0.0,69.0,15.0,forecast,False,0.0,0,none
2025-11-06 09:00:00,18.8,0.0,65.0,7.3,forecast,False,0.0,0,none
2025-11-06 10:00:00,19.3,0.0,69.0,6.9,forecast,False,0.0,0,none
2025-11-06 11:00:00,19.4,0.0,57.0,8.3,forecast,False,0.0,0,none
2025-11-06 12:00:00,20.4,0.0,52.0,17.3,forecast,False,0.0,0,none
2025-11-06 13:00:00,23.2,0.0,58.0,7.7,forecast,False,0.0,0,none
2025-11-06 14:00:00,25.1,0.0,51.0,6.2,forecast,False,0.0,0,none
2025-11-06 15:00:00,27.0,0.0,58.0,7.5,forecast,False,0.0,0,none
2025-11-06 16:00:00,25.7,0.0,49.0,12.2,forecast,False,0.0,0,none
2025-11-06 17:00:00,22.1,0.0,65.0,8.6,forecast,False,0.0,0,none
2025-11-06 18:00:00,21.1,0.0,59.0,16.7,forecast,False,0.0,0,none
2025-11-06 19:00:00,20.6,0.0,64.0,9.3,forecast,False,0.0,0,none
2025-11-06 20:00:00,19.2,0.0,66.0,14.1,forecast,False,0.0,0,none
2025-11-06 21:00:00,15.9,0.0,65.0,7.8,forecast,False,0.0,0,none
2025-11-06 22:00:00,16.5,0.0,76.0,8.2,forecast,False,0.0,0,none
2025-11-06 23:00:00,15.8,0.0,76.0,12.3,forecast,False,0.0,0,none
2025-11-07 00:00:00,12.4,0.0,86.0,4.7,forecast,False,0.0,0,none
2025-11-07 01:00:00,11.8,0.0,85.0,11.0,forecast,False,0.0,0,none
2025-11-07 02:00:00,11.9,0.0,92.0,6.4,forecast,False,0.0,0,none
2025-11-07 03:00:00,10.7,0.0,87.0,11.2,forecast,False,0.0,0,none
2025-11-07 04:00:00,10.1,0.0,84.0,6.8,forecast,False,0.0,0,none
2025-11-07 05:00:00,13.5,0.0,77.0,13.1,forecast,False,0.0,0,none
2025-11-07 06:00:00,14.0,0.0,75.0,8.5,forecast,False,0.0,0,none
2025-11-07 07:00:00,13.9,0.0,87.0,13.4,forecast,False,0.0,0,none
2025-11-07 08:00:00,15.3,1.2,74.0,12.2,forecast,False,1.1999999999999982,1,light
2025-11-07 09:00:00,19.4,0.0,66.5,8.5,forecast,False,1.1999999999999982,0,none
2025-11-07 10:00:00,19.4,0.0,59.0,4.9,forecast,False,1.1999999999999982,0,none
2025-11-07 11:00:00,20.3,0.0,71.0,9.9,forecast,False,0.0,0,none
2025-11-07 12:00:00,21.5,0.0,57.0,11.8,forecast,False,0.0,0,none
2025-11-07 13:00:00,23.1,0.0,50.0,18.1,forecast,False,0.0,0,none
2025-11-07 14:00:00,23.2,0.0,44.0,13.3,forecast,False,0.0,0,none
2025-11-07 15:00:00,24.9,0.0,58.0,7.4,forecast,False,0.0,0,none
2025-11-07 16:00:00,25.7,0.0,52.0,11.2,forecast,False,0.0,0,none
2025-11-07 17:00:00,23.4,0.0,64.0,14.9,forecast,False,0.0,0,none
2025-11-07 18:00:00,22.1,0.0,65.0,13.0,forecast,False,0.0,0,none
2025-11-07 19:00:00,20.2,0.0,67.0,11.6,forecast,False,0.0,0,none
2025-11-07 20:00:00,21.5,0.0,63.0,26.2,forecast,False,0.0,0,none
2025-11-07 21:00:00,17.0,0.0,69.0,7.2,forecast,False,0.0,0,none
2025-11-07 22:00:00,16.0,0.0,81.0,19.3,forecast,False,0.0,0,none
2025-11-07 23:00:00,12.8,0.0,77.0,10.2,forecast,False,0.0,0,none
2025-11-08 00:00:00,12.9,0.0,79.0,10.5,forecast,False,0.0,0,none
2025-11-08 01:00:00,12.3,0.0,84.0,15.4,forecast,False,0.0,0,none
2025-11-08 02:00:00,11.6,0.0,83.0,5.4,forecast,False,0.0,0,none
2025-11-08 03:00:00,10.5,0.0,95.0,13.8,forecast,False,0.0,0,none
2025-11-08 04:00:00,9.8,0.0,84.0,7.3,forecast,False,0.0,0,none
2025-11-08 05:00:00,11.1,0.0,85.0,18.7,forecast,False,0.0,0,none
2025-11-08 06:00:00,12.5,0.0,77.0,19.2,forecast,False,0.0,0,none
2025-11-08 07:00:00,13.3,0.0,71.0,9.1,forecast,False,0.0,0,none
2025-11-08 08:00:00,14.5,0.0,73.0,7.0,forecast,False,0.0,0,none
2025-11-08 09:00:00,19.1,0.0,63.0,13.4,forecast,False,0.0,0,none
2025-11-08 10:00:00,19.3,0.0,66.0,6.4,forecast,False,0.0,0,none
2025-11-08 11:00:00,20.9,0.0,60.0,3.8,forecast,False,0.0,0,none
2025-11-08 12:00:00,22.7,0.0,65.0,20.3,forecast,False,0.0,0,none
2025-11-08 13:00:00,24.0,0.0,58.0,6.3,forecast,False,0.0,0,none
2025-11-08 14:00:00,23.1,0.0,61.0,12.4,forecast,False,0.0,0,none
2025-11-08 15:00:00,23.0,0.0,60.0,5.8,forecast,False,0.0,0,none
2025-11-08 16:00:00,23.4,0.0,59.0,8.4,forecast,False,0.0,0,none
2025-11-08 17:00:00,23.2,0.0,56.0,7.7,forecast,False,0.0,0,none
2025-11-08 18:00:00,22.9,0.0,56.0,15.4,forecast,False,0.0,0,none
2025-11-08 19:00:00,21.35,0.0,63.0,14.0,forecast,True,0.0,0,none
2025-11-08 20:00:00,19.8,0.0,70.0,12.6,forecast,False,0.0,0,none
2025-11-08 21:00:00,17.7,0.0,73.0,8.6,forecast,False,0.0,0,none
2025-11-08 22:00:00,15.2,0.0,75.0,9.0,forecast,False,0.0,0,none
2025-11-08 23:00:00,14.2,0.0,81.0,3.8,forecast,False,0.0,0,none
2025-11-09 00:00:00,11.3,0.0,83.0,11.4,forecast,False,0.0,0,none
2025-11-09 01:00:00,9.3,0.0,89.0,8.3,forecast,False,0.0,0,none
2025-11-09 02:00:00,9.1,0.0,91.0,13.7,forecast,False,0.0,0,none
2025-11-09 03:00:00,9.3,0.0,92.0,12.9,forecast,False,0.0,0,none
2025-11-09 04:00:00,9.3,0.0,88.0,9.5,forecast,False,0.0,0,none
2025-11-09 05:00:00,9.5,0.0,97.0,17.2,forecast,False,0.0,0,none
2025-11-09 06:00:00,10.85,0.0,86.5,10.45,forecast,True,0.0,0,none
2025-11-09 07:00:00,12.2,0.0,76.0,3.7,forecast,False,0.0,0,none
2025-11-09 08:00:00,15.2,0.0,77.0,6.7,forecast,False,0.0,0,none
2025-11-09 09:00:00,16.1,0.0,78.0,12.7,forecast,False,0.0,0,none
2025-11-09 10:00:00,18.3,0.0,63.0,11.6,forecast,False,0.0,0,none
2025-11-09 11:00:00,19.9,0.0,64.0,12.1,forecast,False,0.0,0,none
2025-11-09 12:00:00,19.0,0.0,63.0,12.1,forecast,False,0.0,0,none
2025-11-09 13:00:00,21.4,0.0,53.0,10.2,forecast,False,0.0,0,none
2025-11-09 14:00:00,23.0,0.0,56.0,8.6,forecast,False,0.0,0,none
2025-11-09 15:00:00,23.9,0.0,61.0,12.4,forecast,False,0.0,0,none
2025-11-09 16:00:00,20.6,0.0,62.0,8.2,forecast,False,0.0,0,none
2025-11-09 17:00:00,20.8,0.0,59.0,22.5,forecast,False,0.0,0,none
2025-11-09 18:00:00,21.2,0.0,70.0,11.9,forecast,False,0.0,0,none
2025-11-09 19:00:00,20.4,0.0,64.0,10.6,forecast,False,0.0,0,none
2025-11-09 20:00:00,15.6,0.0,73.0,7.2,forecast,False,0.0,0,none
2025-11-09 21:00:00,17.4,0.0,79.0,13.2,forecast,False,0.0,0,none
2025-11-09 22:00:00,15.9,0.0,82.0,12.5,forecast,False,0.0,0,none
2025-11-09 23:00:00,14.7,0.0,85.0,15.0,forecast,False,0.0,0,none
2025-11-10 00:00:00,10.3,0.0,90.0,11.9,forecast,False,0.0,0,none
2025-11-10 01:00:00,7.8,2.1,94.0,7.5,forecast,False,2.0999999999999983,1,light
2025-11-10 02:00:00,8.8,0.0,90.0,13.7,forecast,False,2.0999999999999983,0,none
2025-11-10 03:00:00,8.8,0.0,93.0,7.0,forecast,False,2.0999999999999983,0,none
2025-11-10 04:00:00,8.3,0.0,96.0,13.5,forecast,False,0.0,0,none
2025-11-10 05:00:00,9.7,0.0,79.0,10.1,forecast,False,0.0,0,none
2025-11-10 06:00:00,8.0,0.0,91.0,3.1,forecast,False,0.0,0,none
2025-11-10 07:00:00,12.0,0.0,90.0,10.3,forecast,False,0.0,0,none
2025-11-10 08:00:00,11.9,0.0,84.0,6.6,forecast,False,0.0,0,none
2025-11-10 09:00:00,15.4,0.0,80.0,14.4,forecast,False,0.0,0,none
2025-11-10 10:00:00,16.1,0.0,76.0,8.3,forecast,False,0.0,0,none
2025-11-10 11:00:00,17.9,0.0,73.0,9.3,forecast,False,0.0,0,none
2025-11-10 12:00:00,20.8,0.0,61.0,14.6,forecast,False,0.0,0,none
2025-11-10 13:00:00,21.0,0.0,58.0,5.7,forecast,False,0.0,0,none
2025-11-10 14:00:00,19.7,0.0,65.0,12.9,forecast,False,0.0,0,none
2025-11-10 15:00:00,21.9,0.0,63.0,17.5,forecast,False,0.0,0,none
2025-11-10 16:00:00,21.4,0.0,57.0,11.8,forecast,False,0.0,0,none
2025-11-10 17:00:00,20.3,0.0,60.0,6.1,forecast,False,0.0,0,none
2025-11-10 18:00:00,19.6,0.0,60.0,7.3,forecast,False,0.0,0,none
2025-11-10 19:00:00,17.2,0.0,71.0,26.7,forecast,False,0.0,0,none
2025-11-10 20:00:00,17.9,0.0,73.0,13.0,forecast,False,0.0,0,none
2025-11-10 21:00:00,14.7,0.0,74.0,6.8,forecast,False,0.0,0,none
2025-11-10 22:00:00,13.8,0.0,64.0,12.1,forecast,False,0.0,0,none
2025-11-10 23:00:00,12.7,0.0,86.0,7.2,forecast,False,0.0,0,none
2025-11-11 00:00:00,9.1,0.0,88.0,8.6,forecast,False,0.0,0,none
2025-11-11 01:00:00,8.3,0.0,82.0,11.6,forecast,False,0.0,0,none
2025-11-11 02:00:00,8.5,0.0,96.0,8.6,forecast,False,0.0,0,none
2025-11-11 03:00:00,6.7,0.0,95.0,15.1,forecast,False,0.0,0,none
2025-11-11 04:00:00,6.9,0.0,93.0,9.0,forecast,False,0.0,0,none
2025-11-11 05:00:00,8.4,0.0,86.0,11.2,forecast,False,0.0,0,none
2025-11-11 06:00:00,9.4,0.0,89.0,5.8,forecast,False,0.0,0,none
2025-11-11 07:00:00,9.8,0.0,91.0,5.9,forecast,False,0.0,0,none
2025-11-11 08:00:00,14.0,0.0,86.0,7.8,forecast,False,0.0,0,none
2025-11-11 09:00:00,15.2,0.0,82.0,6.5,forecast,False,0.0,0,none
2025-11-11 10:00:00,16.4,0.0,72.0,12.1,forecast,False,0.0,0,none
2025-11-11 11:00:00,17.4,0.0,66.0,11.7,forecast,False,0.0,0,none
2025-11-11 12:00:00,20.1,0.0,71.0,15.1,forecast,False,0.0,0,none
2025-11-11 13:00:00,19.8,0.0,77.0,9.4,forecast,False,0.0,0,none
2025-11-11 14:00:00,19.6,0.0,60.0,10.7,forecast,False,0.0,0,none
2025-11-11 15:00:00,22.6,0.0,58.0,12.4,forecast,False,0.0,0,none
2025-11-11 16:00:00,20.6,0.0,65.0,8.9,forecast,False,0.0,0,none
2025-11-11 17:00:00,20.4,0.0,62.0,8.3,forecast,False,0.0,0,none
2025-11-11 18:00:00,17.1,0.0,59.0,11.2,forecast,False,0.0,0,none
2025-11-11 19:00:00,17.2,0.2,67.0,9.7,forecast,False,0.1999999999999982,1,light
2025-11-11 20:00:00,17.3,0.0,82.0,7.2,forecast,False,0.1999999999999982,0,none
2025-11-11 21:00:00,13.7,0.0,85.0,11.7,forecast,False,0.1999999999999982,0,none
2025-11-11 22:00:00,12.6,0.0,86.0,4.0,forecast,False,0.0,0,none
2025-11-11 23:00:00,12.6,0.0,80.0,9.2,forecast,False,0.0,0,none
2025-11-12 00:00:00,10.2,0.0,83.0,10.5,forecast,False,0.0,0,none
2025-11-12 01:00:00,10.3,0.0,83.0,11.7,forecast,False,0.0,0,none
2025-11-12 02:00:00,9.2,0.0,94.0,11.6,forecast,False,0.0,0,none
2025-11-12 03:00:00,7.7,0.0,95.0,6.2,forecast,False,0.0,0,none
2025-11-12 04:00:00,8.1,0.0,97.0,10.8,forecast,False,0.0,0,none
2025-11-12 05:00:00,7.4,0.0,95.0,4.4,forecast,False,0.0,0,none
2025-11-12 06:00:00,11.2,0.0,88.0,9.0,forecast,False,0.0,0,none
2025-11-12 07:00:00,10.5,0.0,79.0,18.7,forecast,False,0.0,0,none
2025-11-12 08:00:00,12.7,0.0,85.0,11.2,forecast,False,0.0,0,none
2025-11-12 09:00:00,13.1,2.6,82.0,10.4,forecast,False,2.5999999999999983,1,moderate
2025-11-12 10:00:00,16.7,0.0,71.0,12.3,forecast,False,2.5999999999999983,0,none
2025-11-12 11:00:00,18.4,0.2,67.0,5.5,forecast,False,2.7999999999999985,1,light
2025-11-12 12:00:00,18.0,0.0,62.0,13.0,forecast,False,0.1999999999999982,0,none
2025-11-12 13:00:00,21.7,0.0,60.0,6.5,forecast,False,0.1999999999999982,0,none
2025-11-12 14:00:00,21.6,0.0,75.0,12.5,forecast,False,0.0,0,none
2025-11-12 15:00:00,21.4,0.1,71.0,10.6,forecast,False,0.0999999999999982,1,light
2025-11-12 16:00:00,21.9,0.0,59.0,5.2,forecast,False,0.0999999999999982,0,none
2025-11-12 17:00:00,18.9,0.0,66.0,14.0,forecast,False,0.0999999999999982,0,none
2025-11-12 18:00:00,17.4,0.0,68.0,6.8,forecast,False,0.0,0,none
2025-11-12 19:00:00,16.5,0.0,61.0,10.2,forecast,False,0.0,0,none
2025-11-12 20:00:00,16.7,0.0,64.0,8.7,forecast,False,0.0,0,none
2025-11-12 21:00:00,16.1,0.0,74.0,13.8,forecast,False,0.0,0,none
2025-11-12 22:00:00,13.2,1.2,71.0,14.1,forecast,False,1.1999999999999982,1,light
2025-11-12 23:00:00,10.6,0.0,90.0,21.8,forecast,False,1.1999999999999982,0,none
2025-11-13 00:00:00,10.5,0.8,88.5,8.8,forecast,False,1.9999999999999984,1,light
2025-11-13 01:00:00,11.2,0.0,87.0,14.0,forecast,False,0.7999999999999983,0,none
2025-11-13 02:00:00,9.0,0.0,99.0,14.4,forecast,False,0.7999999999999983,0,none
2025-11-13 03:00:00,8.9,0.0,86.0,12.7,forecast,False,0.0,0,none
2025-11-13 04:00:00,7.9,1.2,96.0,5.7,forecast,False,1.1999999999999982,1,light
2025-11-13 05:00:00,9.1,0.0,91.0,8.1,forecast,False,1.1999999999999982,0,none
2025-11-13 06:00:00,9.1,0.0,99.0,5.5,forecast,False,1.1999999999999982,0,none
2025-11-13 07:00:00,13.4,0.0,85.0,4.7,forecast,False,0.0,0,none
2025-11-13 08:00:00,15.0,0.0,77.0,14.1,forecast,False,0.0,0,none
2025-11-13 09:00:00,15.1,0.0,73.0,4.6,forecast,False,0.0,0,none
2025-11-13 10:00:00,18.3,0.0,62.0,8.9,forecast,False,0.0,0,none
2025-11-13 11:00:00,17.4,0.0,72.0,7.7,forecast,False,0.0,0,none
2025-11-13 12:00:00,18.2,0.0,64.0,13.1,forecast,True,0.0,0,none
2025-11-13 13:00:00,19.0,0.8,86.0,14.7,forecast,False,0.7999999999999983,1,light
2025-11-13 14:00:00,19.0,3.6,75.0,4.4,forecast,False,4.399999999999999,1,moderate
2025-11-13 15:00:00,21.2,25.7,84.0,9.8,forecast,False,30.1,1,heavy
2025-11-13 16:00:00,19.3,3.0,85.0,9.6,forecast,False,32.3,1,moderate
2025-11-13 17:00:00,19.3,3.6,82.0,15.5,forecast,False,32.3,1,moderate
2025-11-13 18:00:00,19.5,3.6,82.0,9.1,forecast,False,10.2,1,moderate
2025-11-13 19:00:00,20.5,0.3,68.0,12.0,forecast,False,7.5,1,light
2025-11-13 20:00:00,16.6,0.0,62.0,16.8,forecast,False,3.9,0,none
2025-11-13 21:00:00,15.2,0.0,81.0,15.7,forecast,False,0.3,0,none
2025-11-13 22:00:00,14.9,0.0,87.0,24.1,forecast,False,0.0,0,none
2025-11-13 23:00:00,11.9,1.0,91.0,6.9,forecast,False,1.0,1,light
2025-11-14 00:00:00,12.3,0.0,82.0,8.6,forecast,False,1.0,0,none
2025-11-14 01:00:00,10.9,0.0,90.0,13.8,forecast,False,1.0,0,none
2025-11-14 02:00:00,9.8,0.0,97.0,3.6,forecast,False,0.0,0,none
2025-11-14 03:00:00,8.9,0.0,82.0,11.6,forecast,False,0.0,0,none
2025-11-14 04:00:00,9.3,0.0,92.0,15.9,forecast,False,0.0,0,none
2025-11-14 05:00:00,8.8,0.0,90.0,15.5,forecast,False,0.0,0,none
2025-11-14 06:00:00,12.0,0.0,77.0,12.1,forecast,False,0.0,0,none
2025-11-14 07:00:00,13.5,0.0,89.0,3.7,forecast,False,0.0,0,none
2025-11-14 08:00:00,14.9,0.0,78.0,22.1,forecast,False,0.0,0,none
2025-11-14 09:00:00,16.7,0.0,73.0,13.2,forecast,False,0.0,0,none
2025-11-14 10:00:00,18.15,0.0,69.5,13.7,forecast,True,0.0,0,none
2025-11-14 11:00:00,19.6,0.0,66.0,14.2,forecast,False,0.0,0,none
2025-11-14 12:00:00,21.2,0.0,60.5,7.9,forecast,False,0.0,0,none
2025-11-14 13:00:00,21.5,0.0,55.0,16.1,forecast,False,0.0,0,none
2025-11-14 14:00:00,22.8,0.0,62.0,15.1,forecast,False,0.0,0,none
2025-11-14 15:00:00,21.7,0.0,61.0,18.0,forecast,False,0.0,0,none
2025-11-14 16:00:00,22.5,0.0,66.0,18.3,forecast,False,0.0,0,none
2025-11-14 17:00:00,22.4,0.0,66.0,6.5,forecast,False,0.0,0,none
2025-11-14 18:00:00,20.4,0.0,61.0,10.6,forecast,False,0.0,0,none
2025-11-14 19:00:00,20.1,0.0,68.0,8.1,forecast,False,0.0,0,none
2025-11-14 20:00:00,17.6,0.0,71.0,6.0,forecast,False,0.0,0,none
2025-11-14 21:00:00,16.1,0.0,84.0,4.4,forecast,False,0.0,0,none
2025-11-14 22:00:00,14.9,0.0,78.0,3.7,forecast,False,0.0,0,none
2025-11-14 23:00:00,11.5,0.0,86.0,8.4,forecast,False,0.0,0,none
