row_id,predicted_trips
TEST-00001,
TEST-00002,
TEST-00003,
TEST-00004,
TEST-00005,
TEST-00006,
TEST-00007,
TEST-00008,
TEST-00009,
TEST-00010,
TEST-00011,
TEST-00012,
TEST-00013,
TEST-00014,
TEST-00015,
TEST-00016,
TEST-00017,
TEST-00018,
TEST-00019,
TEST-00020,
TEST-00021,
TEST-00022,
TEST-00023,
TEST-00024,
TEST-00025,
TEST-00026,
TEST-00027,
TEST-00028,
TEST-00029,
TEST-00030,
TEST-00031,
TEST-00032,
TEST-00033,
TEST-00034,
TEST-00035,
TEST-00036,
TEST-00037,
TEST-00038,
TEST-00039,
TEST-00040,
TEST-00041,
TEST-00042,
TEST-00043,
TEST-00044,
TEST-00045,
TEST-00046,
TEST-00047,
TEST-00048,
TEST-00049,
TEST-00050,
TEST-00051,
TEST-00052,
TEST-00053,
TEST-00054,
TEST-00055,
TEST-00056,
TEST-00057,
TEST-00058,
TEST-00059,
TEST-00060,
TEST-00061,
TEST-00062,
TEST-00063,
TEST-00064,
TEST-00065,
TEST-00066,
TEST-00067,
TEST-00068,
TEST-00069,
TEST-00070,
TEST-00071,
TEST-00072,
TEST-00073,
TEST-00074,
TEST-00075,
TEST-00076,
TEST-00077,
TEST-00078,
TEST-00079,
TEST-00080,
TEST-00081,
TEST-00082,
TEST-00083,
TEST-00084,
TEST-00085,
TEST-00086,
TEST-00087,
TEST-00088,
TEST-00089,
TEST-00090,
TEST-00091,
TEST-00092,
TEST-00093,
TEST-00094,
TEST-00095,
TEST-00096,
TEST-00097,
TEST-00098,
TEST-00099,
TEST-00100,
TEST-00101,
TEST-00102,
TEST-00103,
TEST-00104,
TEST-00105,
TEST-00106,
TEST-00107,
TEST-00108,
TEST-00109,
TEST-00110,
TEST-00111,
TEST-00112,
TEST-00113,
TEST-00114,
TEST-00115,
TEST-00116,
TEST-00117,
TEST-00118,
TEST-00119,
TEST-00120,
TEST-00121,
TEST-00122,
TEST-00123,
TEST-00124,
TEST-00125,
TEST-00126,
TEST-00127,
TEST-00128,
TEST-00129,
TEST-00130,
TEST-00131,
TEST-00132,
TEST-00133,
TEST-00134,
TEST-00135,
TEST-00136,
TEST-00137,
TEST-00138,
TEST-00139,
TEST-00140,
TEST-00141,
TEST-00142,
TEST-00143,
TEST-00144,
TEST-00145,
TEST-00146,
TEST-00147,
TEST-00148,
TEST-00149,
TEST-00150,
TEST-00151,
TEST-00152,
TEST-00153,
TEST-00154,
TEST-00155,
TEST-00156,
TEST-00157,
TEST-00158,
TEST-00159,
TEST-00160,
TEST-00161,
TEST-00162,
TEST-00163,
TEST-00164,
TEST-00165,
TEST-00166,
TEST-00167,
TEST-00168,
TEST-00169,
TEST-00170,
TEST-00171,
TEST-00172,
TEST-00173,
TEST-00174,
TEST-00175,
TEST-00176,
TEST-00177,
TEST-00178,
TEST-00179,
TEST-00180,
TEST-00181,
TEST-00182,
TEST-00183,
TEST-00184,
TEST-00185,
TEST-00186,
TEST-00187,
TEST-00188,
TEST-00189,
TEST-00190,
TEST-00191,
TEST-00192,
TEST-00193,
TEST-00194,
TEST-00195,
TEST-00196,
TEST-00197,
TEST-00198,
TEST-00199,
TEST-00200,
TEST-00201,
TEST-00202,
TEST-00203,
TEST-00204,
TEST-00205,
TEST-00206,
TEST-00207,
TEST-00208,
TEST-00209,
TEST-00210,
TEST-00211,
TEST-00212,
TEST-00213,
TEST-00214,
TEST-00215,
TEST-00216,
TEST-00217,
TEST-00218,
TEST-00219,
TEST-00220,
TEST-00221,
TEST-00222,
TEST-00223,
TEST-00224,
TEST-00225,
TEST-00226,
TEST-00227,
TEST-00228,
TEST-00229,
TEST-00230,
TEST-00231,
TEST-00232,
TEST-00233,
TEST-00234,
TEST-00235,
TEST-00236,
TEST-00237,
TEST-00238,
TEST-00239,
TEST-00240,
TEST-00241,
TEST-00242,
TEST-00243,
TEST-00244,
TEST-00245,
TEST-00246,
TEST-00247,
TEST-00248,
TEST-00249,
TEST-00250,
TEST-00251,
TEST-00252,
TEST-00253,
TEST-00254,
TEST-00255,
TEST-00256,
TEST-00257,
TEST-00258,
TEST-00259,
TEST-00260,
TEST-00261,
TEST-00262,
TEST-00263,
TEST-00264,
TEST-00265,
TEST-00266,
TEST-00267,
TEST-00268,
TEST-00269,
TEST-00270,
TEST-00271,
TEST-00272,
TEST-00273,
TEST-00274,
TEST-00275,
TEST-00276,
TEST-00277,
TEST-00278,
TEST-00279,
TEST-00280,
TEST-00281,
TEST-00282,
TEST-00283,
TEST-00284,
TEST-00285,
TEST-00286,
TEST-00287,
TEST-00288,
TEST-00289,
TEST-00290,
TEST-00291,
TEST-00292,
TEST-00293,
TEST-00294,
TEST-00295,
TEST-00296,
TEST-00297,
TEST-00298,
TEST-00299,
TEST-00300,
TEST-00301,
TEST-00302,
TEST-00303,
TEST-00304,
TEST-00305,
TEST-00306,
TEST-00307,
TEST-00308,
TEST-00309,
TEST-00310,
TEST-00311,
TEST-00312,
TEST-00313,
TEST-00314,
TEST-00315,
TEST-00316,
TEST-00317,
TEST-00318,
TEST-00319,
TEST-00320,
TEST-00321,
TEST-00322,
TEST-00323,
TEST-00324,
TEST-00325,
TEST-00326,
TEST-00327,
TEST-00328,
TEST-00329,
TEST-00330,
TEST-00331,
TEST-00332,
TEST-00333,
TEST-00334,
TEST-00335,
TEST-00336,
TEST-00337,
TEST-00338,
TEST-00339,
TEST-00340,
TEST-00341,
TEST-00342,
TEST-00343,
TEST-00344,
TEST-00345,
TEST-00346,
TEST-00347,
TEST-00348,
TEST-00349,
TEST-00350,
TEST-00351,
TEST-00352,
TEST-00353,
TEST-00354,
TEST-00355,
TEST-00356,
TEST-00357,
TEST-00358,
TEST-00359,
TEST-00360,
TEST-00361,
TEST-00362,
TEST-00363,
TEST-00364,
TEST-00365,
TEST-00366,
TEST-00367,
TEST-00368,
TEST-00369,
TEST-00370,
TEST-00371,
TEST-00372,
TEST-00373,
TEST-00374,
TEST-00375,
TEST-00376,
TEST-00377,
TEST-00378,
TEST-00379,
TEST-00380,
TEST-00381,
TEST-00382,
TEST-00383,
TEST-00384,
TEST-00385,
TEST-00386,
TEST-00387,
TEST-00388,
TEST-00389,
TEST-00390,
TEST-00391,
TEST-00392,
TEST-00393,
TEST-00394,
TEST-00395,
TEST-00396,
TEST-00397,
TEST-00398,
TEST-00399,
TEST-00400,
TEST-00401,
TEST-00402,
TEST-00403,
TEST-00404,
TEST-00405,
TEST-00406,
TEST-00407,
TEST-00408,
TEST-00409,
TEST-00410,
TEST-00411,
TEST-00412,
TEST-00413,
TEST-00414,
TEST-00415,
TEST-00416,
TEST-00417,
TEST-00418,
TEST-00419,
TEST-00420,
TEST-00421,
TEST-00422,
TEST-00423,
TEST-00424,
TEST-00425,
TEST-00426,
TEST-00427,
TEST-00428,
TEST-00429,
TEST-00430,
TEST-00431,
TEST-00432,
TEST-00433,
TEST-00434,
TEST-00435,
TEST-00436,
TEST-00437,
TEST-00438,
TEST-00439,
TEST-00440,
TEST-00441,
TEST-00442,
TEST-00443,
TEST-00444,
TEST-00445,
TEST-00446,
TEST-00447,
TEST-00448,
TEST-00449,
TEST-00450,
TEST-00451,
TEST-00452,
TEST-00453,
TEST-00454,
TEST-00455,
TEST-00456,
TEST-00457,
TEST-00458,
TEST-00459,
TEST-00460,
TEST-00461,
TEST-00462,
TEST-00463,
TEST-00464,
TEST-00465,
TEST-00466,
TEST-00467,
TEST-00468,
TEST-00469,
TEST-00470,
TEST-00471,
TEST-00472,
TEST-00473,
TEST-00474,
TEST-00475,
TEST-00476,
TEST-00477,
TEST-00478,
TEST-00479,
TEST-00480,
TEST-00481,
TEST-00482,
TEST-00483,
TEST-00484,
TEST-00485,
TEST-00486,
TEST-00487,
TEST-00488,
TEST-00489,
TEST-00490,
TEST-00491,
TEST-00492,
TEST-00493,
TEST-00494,
TEST-00495,
TEST-00496,
TEST-00497,
TEST-00498,
TEST-00499,
TEST-00500,
TEST-00501,
TEST-00502,
TEST-00503,
TEST-00504,
TEST-00505,
TEST-00506,
TEST-00507,
TEST-00508,
TEST-00509,
TEST-00510,
TEST-00511,
TEST-00512,
TEST-00513,
TEST-00514,
TEST-00515,
TEST-00516,
TEST-00517,
TEST-00518,
TEST-00519,
TEST-00520,
TEST-00521,
TEST-00522,
TEST-00523,
TEST-00524,
TEST-00525,
TEST-00526,
TEST-00527,
TEST-00528,
TEST-00529,
TEST-00530,
TEST-00531,
TEST-00532,
TEST-00533,
TEST-00534,
TEST-00535,
TEST-00536,
TEST-00537,
TEST-00538,
TEST-00539,
TEST-00540,
TEST-00541,
TEST-00542,
TEST-00543,
TEST-00544,
TEST-00545,
TEST-00546,
TEST-00547,
TEST-00548,
TEST-00549,
TEST-00550,
TEST-00551,
TEST-00552,
TEST-00553,
TEST-00554,
TEST-00555,
TEST-00556,
TEST-00557,
TEST-00558,
TEST-00559,
TEST-00560,
TEST-00561,
TEST-00562,
TEST-00563,
TEST-00564,
TEST-00565,
TEST-00566,
TEST-00567,
TEST-00568,
TEST-00569,
TEST-00570,
TEST-00571,
TEST-00572,
TEST-00573,
TEST-00574,
TEST-00575,
TEST-00576,
TEST-00577,
TEST-00578,
TEST-00579,
TEST-00580,
TEST-00581,
TEST-00582,
TEST-00583,
TEST-00584,
TEST-00585,
TEST-00586,
TEST-00587,
TEST-00588,
TEST-00589,
TEST-00590,
TEST-00591,
TEST-00592,
TEST-00593,
TEST-00594,
TEST-00595,
TEST-00596,
TEST-00597,
TEST-00598,
TEST-00599,
TEST-00600,
TEST-00601,
TEST-00602,
TEST-00603,
TEST-00604,
TEST-00605,
TEST-00606,
TEST-00607,
TEST-00608,
TEST-00609,
TEST-00610,
TEST-00611,
TEST-00612,
TEST-00613,
TEST-00614,
TEST-00615,
TEST-00616,
TEST-00617,
TEST-00618,
TEST-00619,
TEST-00620,
TEST-00621,
TEST-00622,
TEST-00623,
TEST-00624,
TEST-00625,
TEST-00626,
TEST-00627,
TEST-00628,
TEST-00629,
TEST-00630,
TEST-00631,
TEST-00632,
TEST-00633,
TEST-00634,
TEST-00635,
TEST-00636,
TEST-00637,
TEST-00638,
TEST-00639,
TEST-00640,
TEST-00641,
TEST-00642,
TEST-00643,
TEST-00644,
TEST-00645,
TEST-00646,
TEST-00647,
TEST-00648,
TEST-00649,
TEST-00650,
TEST-00651,
TEST-00652,
TEST-00653,
TEST-00654,
TEST-00655,
TEST-00656,
TEST-00657,
TEST-00658,
TEST-00659,
TEST-00660,
TEST-00661,
TEST-00662,
TEST-00663,
TEST-00664,
TEST-00665,
TEST-00666,
TEST-00667,
TEST-00668,
TEST-00669,
TEST-00670,
TEST-00671,
TEST-00672,
TEST-00673,
TEST-00674,
TEST-00675,
TEST-00676,
TEST-00677,
TEST-00678,
TEST-00679,
TEST-00680,
TEST-00681,
TEST-00682,
TEST-00683,
TEST-00684,
TEST-00685,
TEST-00686,
TEST-00687,
TEST-00688,
TEST-00689,
TEST-00690,
TEST-00691,
TEST-00692,
TEST-00693,
TEST-00694,
TEST-00695,
TEST-00696,
TEST-00697,
TEST-00698,
TEST-00699,
TEST-00700,
TEST-00701,
TEST-00702,
TEST-00703,
TEST-00704,
TEST-00705,
TEST-00706,
TEST-00707,
TEST-00708,
TEST-00709,
TEST-00710,
TEST-00711,
TEST-00712,
TEST-00713,
TEST-00714,
TEST-00715,
TEST-00716,
TEST-00717,
TEST-00718,
TEST-00719,
TEST-00720,
TEST-00721,
TEST-00722,
TEST-00723,
TEST-00724,
TEST-00725,
TEST-00726,
TEST-00727,
TEST-00728,
TEST-00729,
TEST-00730,
TEST-00731,
TEST-00732,
TEST-00733,
TEST-00734,
TEST-00735,
TEST-00736,
TEST-00737,
TEST-00738,
TEST-00739,
TEST-00740,
TEST-00741,
TEST-00742,
TEST-00743,
TEST-00744,
TEST-00745,
TEST-00746,
TEST-00747,
TEST-00748,
TEST-00749,
TEST-00750,
TEST-00751,
TEST-00752,
TEST-00753,
TEST-00754,
TEST-00755,
TEST-00756,
TEST-00757,
TEST-00758,
TEST-00759,
TEST-00760,
TEST-00761,
TEST-00762,
TEST-00763,
TEST-00764,
TEST-00765,
TEST-00766,
TEST-00767,
TEST-00768,
TEST-00769,
TEST-00770,
TEST-00771,
TEST-00772,
TEST-00773,
TEST-00774,
TEST-00775,
TEST-00776,
TEST-00777,
TEST-00778,
TEST-00779,
TEST-00780,
TEST-00781,
TEST-00782,
TEST-00783,
TEST-00784,
TEST-00785,
TEST-00786,
TEST-00787,
TEST-00788,
TEST-00789,
TEST-00790,
TEST-00791,
TEST-00792,
TEST-00793,
TEST-00794,
TEST-00795,
TEST-00796,
TEST-00797,
TEST-00798,
TEST-00799,
TEST-00800,
TEST-00801,
TEST-00802,
TEST-00803,
TEST-00804,
TEST-00805,
TEST-00806,
TEST-00807,
TEST-00808,
TEST-00809,
TEST-00810,
TEST-00811,
TEST-00812,
TEST-00813,
TEST-00814,
TEST-00815,
TEST-00816,
TEST-00817,
TEST-00818,
TEST-00819,
TEST-00820,
TEST-00821,
TEST-00822,
TEST-00823,
TEST-00824,
TEST-00825,
TEST-00826,
TEST-00827,
TEST-00828,
TEST-00829,
TEST-00830,
TEST-00831,
TEST-00832,
TEST-00833,
TEST-00834,
TEST-00835,
TEST-00836,
TEST-00837,
TEST-00838,
TEST-00839,
TEST-00840,
TEST-00841,
TEST-00842,
TEST-00843,
TEST-00844,
TEST-00845,
TEST-00846,
TEST-00847,
TEST-00848,
TEST-00849,
TEST-00850,
TEST-00851,
TEST-00852,
TEST-00853,
TEST-00854,
TEST-00855,
TEST-00856,
TEST-00857,
TEST-00858,
TEST-00859,
TEST-00860,
TEST-00861,
TEST-00862,
TEST-00863,
TEST-00864,
TEST-00865,
TEST-00866,
TEST-00867,
TEST-00868,
TEST-00869,
TEST-00870,
TEST-00871,
TEST-00872,
TEST-00873,
TEST-00874,
TEST-00875,
TEST-00876,
TEST-00877,
TEST-00878,
TEST-00879,
TEST-00880,
TEST-00881,
TEST-00882,
TEST-00883,
TEST-00884,
TEST-00885,
TEST-00886,
TEST-00887,
TEST-00888,
TEST-00889,
TEST-00890,
TEST-00891,
TEST-00892,
TEST-00893,
TEST-00894,
TEST-00895,
TEST-00896,
TEST-00897,
TEST-00898,
TEST-00899,
TEST-00900,
TEST-00901,
TEST-00902,
TEST-00903,
TEST-00904,
TEST-00905,
TEST-00906,
TEST-00907,
TEST-00908,
TEST-00909,
TEST-00910,
TEST-00911,
TEST-00912,
TEST-00913,
TEST-00914,
TEST-00915,
TEST-00916,
TEST-00917,
TEST-00918,
TEST-00919,
TEST-00920,
TEST-00921,
TEST-00922,
TEST-00923,
TEST-00924,
TEST-00925,
TEST-00926,
TEST-00927,
TEST-00928,
TEST-00929,
TEST-00930,
TEST-00931,
TEST-00932,
TEST-00933,
TEST-00934,
TEST-00935,
TEST-00936,
TEST-00937,
TEST-00938,
TEST-00939,
TEST-00940,
TEST-00941,
TEST-00942,
TEST-00943,
TEST-00944,
TEST-00945,
TEST-00946,
TEST-00947,
TEST-00948,
TEST-00949,
TEST-00950,
TEST-00951,
TEST-00952,
TEST-00953,
TEST-00954,
TEST-00955,
TEST-00956,
TEST-00957,
TEST-00958,
TEST-00959,
TEST-00960,
TEST-00961,
TEST-00962,
TEST-00963,
TEST-00964,
TEST-00965,
TEST-00966,
TEST-00967,
TEST-00968,
TEST-00969,
TEST-00970,
TEST-00971,
TEST-00972,
TEST-00973,
TEST-00974,
TEST-00975,
TEST-00976,
TEST-00977,
TEST-00978,
TEST-00979,
TEST-00980,
TEST-00981,
TEST-00982,
TEST-00983,
TEST-00984,
TEST-00985,
TEST-00986,
TEST-00987,
TEST-00988,
TEST-00989,
TEST-00990,
TEST-00991,
TEST-00992,
TEST-00993,
TEST-00994,
TEST-00995,
TEST-00996,
TEST-00997,
TEST-00998,
TEST-00999,
TEST-01000,
TEST-01001,
TEST-01002,
TEST-01003,
TEST-01004,
TEST-01005,
TEST-01006,
TEST-01007,
TEST-01008,
TEST-01009,
TEST-01010,
TEST-01011,
TEST-01012,
TEST-01013,
TEST-01014,
TEST-01015,
TEST-01016,
TEST-01017,
TEST-01018,
TEST-01019,
TEST-01020,
TEST-01021,
TEST-01022,
TEST-01023,
TEST-01024,
TEST-01025,
TEST-01026,
TEST-01027,
TEST-01028,
TEST-01029,
TEST-01030,
TEST-01031,
TEST-01032,
TEST-01033,
TEST-01034,
TEST-01035,
TEST-01036,
TEST-01037,
TEST-01038,
TEST-01039,
TEST-01040,
TEST-01041,
TEST-01042,
TEST-01043,
TEST-01044,
TEST-01045,
TEST-01046,
TEST-01047,
TEST-01048,
TEST-01049,
TEST-01050,
TEST-01051,
TEST-01052,
TEST-01053,
TEST-01054,
TEST-01055,
TEST-01056,
TEST-01057,
TEST-01058,
TEST-01059,
TEST-01060,
TEST-01061,
TEST-01062,
TEST-01063,
TEST-01064,
TEST-01065,
TEST-01066,
TEST-01067,
TEST-01068,
TEST-01069,
TEST-01070,
TEST-01071,
TEST-01072,
TEST-01073,
TEST-01074,
TEST-01075,
TEST-01076,
TEST-01077,
TEST-01078,
TEST-01079,
TEST-01080,
TEST-01081,
TEST-01082,
TEST-01083,
TEST-01084,
TEST-01085,
TEST-01086,
TEST-01087,
TEST-01088,
TEST-01089,
TEST-01090,
TEST-01091,
TEST-01092,
TEST-01093,
TEST-01094,
TEST-01095,
TEST-01096,
TEST-01097,
TEST-01098,
TEST-01099,
TEST-01100,
TEST-01101,
TEST-01102,
TEST-01103,
TEST-01104,
TEST-01105,
TEST-01106,
TEST-01107,
TEST-01108,
TEST-01109,
TEST-01110,
TEST-01111,
TEST-01112,
TEST-01113,
TEST-01114,
TEST-01115,
TEST-01116,
TEST-01117,
TEST-01118,
TEST-01119,
TEST-01120,
TEST-01121,
TEST-01122,
TEST-01123,
TEST-01124,
TEST-01125,
TEST-01126,
TEST-01127,
TEST-01128,
TEST-01129,
TEST-01130,
TEST-01131,
TEST-01132,
TEST-01133,
TEST-01134,
TEST-01135,
TEST-01136,
TEST-01137,
TEST-01138,
TEST-01139,
TEST-01140,
TEST-01141,
TEST-01142,
TEST-01143,
TEST-01144,
TEST-01145,
TEST-01146,
TEST-01147,
TEST-01148,
TEST-01149,
TEST-01150,
TEST-01151,
TEST-01152,
TEST-01153,
TEST-01154,
TEST-01155,
TEST-01156,
TEST-01157,
TEST-01158,
TEST-01159,
TEST-01160,
TEST-01161,
TEST-01162,
TEST-01163,
TEST-01164,
TEST-01165,
TEST-01166,
TEST-01167,
TEST-01168,
TEST-01169,
TEST-01170,
TEST-01171,
TEST-01172,
TEST-01173,
TEST-01174,
TEST-01175,
TEST-01176,
TEST-01177,
TEST-01178,
TEST-01179,
TEST-01180,
TEST-01181,
TEST-01182,
TEST-01183,
TEST-01184,
TEST-01185,
TEST-01186,
TEST-01187,
TEST-01188,
TEST-01189,
TEST-01190,
TEST-01191,
TEST-01192,
TEST-01193,
TEST-01194,
TEST-01195,
TEST-01196,
TEST-01197,
TEST-01198,
TEST-01199,
TEST-01200,
TEST-01201,
TEST-01202,
TEST-01203,
TEST-01204,
TEST-01205,
TEST-01206,
TEST-01207,
TEST-01208,
TEST-01209,
TEST-01210,
TEST-01211,
TEST-01212,
TEST-01213,
TEST-01214,
TEST-01215,
TEST-01216,
TEST-01217,
TEST-01218,
TEST-01219,
TEST-01220,
TEST-01221,
TEST-01222,
TEST-01223,
TEST-01224,
TEST-01225,
TEST-01226,
TEST-01227,
TEST-01228,
TEST-01229,
TEST-01230,
TEST-01231,
TEST-01232,
TEST-01233,
TEST-01234,
TEST-01235,
TEST-01236,
TEST-01237,
TEST-01238,
TEST-01239,
TEST-01240,
TEST-01241,
TEST-01242,
TEST-01243,
TEST-01244,
TEST-01245,
TEST-01246,
TEST-01247,
TEST-01248,
TEST-01249,
TEST-01250,
TEST-01251,
TEST-01252,
TEST-01253,
TEST-01254,
TEST-01255,
TEST-01256,
TEST-01257,
TEST-01258,
TEST-01259,
TEST-01260,
TEST-01261,
TEST-01262,
TEST-01263,
TEST-01264,
TEST-01265,
TEST-01266,
TEST-01267,
TEST-01268,
TEST-01269,
TEST-01270,
TEST-01271,
TEST-01272,
TEST-01273,
TEST-01274,
TEST-01275,
TEST-01276,
TEST-01277,
TEST-01278,
TEST-01279,
TEST-01280,
TEST-01281,
TEST-01282,
TEST-01283,
TEST-01284,
TEST-01285,
TEST-01286,
TEST-01287,
TEST-01288,
TEST-01289,
TEST-01290,
TEST-01291,
TEST-01292,
TEST-01293,
TEST-01294,
TEST-01295,
TEST-01296,
TEST-01297,
TEST-01298,
TEST-01299,
TEST-01300,
TEST-01301,
TEST-01302,
TEST-01303,
TEST-01304,
TEST-01305,
TEST-01306,
TEST-01307,
TEST-01308,
TEST-01309,
TEST-01310,
TEST-01311,
TEST-01312,
TEST-01313,
TEST-01314,
TEST-01315,
TEST-01316,
TEST-01317,
TEST-01318,
TEST-01319,
TEST-01320,
TEST-01321,
TEST-01322,
TEST-01323,
TEST-01324,
TEST-01325,
TEST-01326,
TEST-01327,
TEST-01328,
TEST-01329,
TEST-01330,
TEST-01331,
TEST-01332,
TEST-01333,
TEST-01334,
TEST-01335,
TEST-01336,
TEST-01337,
TEST-01338,
TEST-01339,
TEST-01340,
TEST-01341,
TEST-01342,
TEST-01343,
TEST-01344,
TEST-01345,
TEST-01346,
TEST-01347,
TEST-01348,
TEST-01349,
TEST-01350,
TEST-01351,
TEST-01352,
TEST-01353,
TEST-01354,
TEST-01355,
TEST-01356,
TEST-01357,
TEST-01358,
TEST-01359,
TEST-01360,
TEST-01361,
TEST-01362,
TEST-01363,
TEST-01364,
TEST-01365,
TEST-01366,
TEST-01367,
TEST-01368,
TEST-01369,
TEST-01370,
TEST-01371,
TEST-01372,
TEST-01373,
TEST-01374,
TEST-01375,
TEST-01376,
TEST-01377,
TEST-01378,
TEST-01379,
TEST-01380,
TEST-01381,
TEST-01382,
TEST-01383,
TEST-01384,
TEST-01385,
TEST-01386,
TEST-01387,
TEST-01388,
TEST-01389,
TEST-01390,
TEST-01391,
TEST-01392,
TEST-01393,
TEST-01394,
TEST-01395,
TEST-01396,
TEST-01397,
TEST-01398,
TEST-01399,
TEST-01400,
TEST-01401,
TEST-01402,
TEST-01403,
TEST-01404,
TEST-01405,
TEST-01406,
TEST-01407,
TEST-01408,
TEST-01409,
TEST-01410,
TEST-01411,
TEST-01412,
TEST-01413,
TEST-01414,
TEST-01415,
TEST-01416,
TEST-01417,
TEST-01418,
TEST-01419,
TEST-01420,
TEST-01421,
TEST-01422,
TEST-01423,
TEST-01424,
TEST-01425,
TEST-01426,
TEST-01427,
TEST-01428,
TEST-01429,
TEST-01430,
TEST-01431,
TEST-01432,
TEST-01433,
TEST-01434,
TEST-01435,
TEST-01436,
TEST-01437,
TEST-01438,
TEST-01439,
TEST-01440,
TEST-01441,
TEST-01442,
TEST-01443,
TEST-01444,
TEST-01445,
TEST-01446,
TEST-01447,
TEST-01448,
TEST-01449,
TEST-01450,
TEST-01451,
TEST-01452,
TEST-01453,
TEST-01454,
TEST-01455,
TEST-01456,
TEST-01457,
TEST-01458,
TEST-01459,
TEST-01460,
TEST-01461,
TEST-01462,
TEST-01463,
TEST-01464,
TEST-01465,
TEST-01466,
TEST-01467,
TEST-01468,
TEST-01469,
TEST-01470,
TEST-01471,
TEST-01472,
TEST-01473,
TEST-01474,
TEST-01475,
TEST-01476,
TEST-01477,
TEST-01478,
TEST-01479,
TEST-01480,
TEST-01481,
TEST-01482,
TEST-01483,
TEST-01484,
TEST-01485,
TEST-01486,
TEST-01487,
TEST-01488,
TEST-01489,
TEST-01490,
TEST-01491,
TEST-01492,
TEST-01493,
TEST-01494,
TEST-01495,
TEST-01496,
TEST-01497,
TEST-01498,
TEST-01499,
TEST-01500,
TEST-01501,
TEST-01502,
TEST-01503,
TEST-01504,
TEST-01505,
TEST-01506,
TEST-01507,
TEST-01508,
TEST-01509,
TEST-01510,
TEST-01511,
TEST-01512,
TEST-01513,
TEST-01514,
TEST-01515,
TEST-01516,
TEST-01517,
TEST-01518,
TEST-01519,
TEST-01520,
TEST-01521,
TEST-01522,
TEST-01523,
TEST-01524,
TEST-01525,
TEST-01526,
TEST-01527,
TEST-01528,
TEST-01529,
TEST-01530,
TEST-01531,
TEST-01532,
TEST-01533,
TEST-01534,
TEST-01535,
TEST-01536,
TEST-01537,
TEST-01538,
TEST-01539,
TEST-01540,
TEST-01541,
TEST-01542,
TEST-01543,
TEST-01544,
TEST-01545,
TEST-01546,
TEST-01547,
TEST-01548,
TEST-01549,
TEST-01550,
TEST-01551,
TEST-01552,
TEST-01553,
TEST-01554,
TEST-01555,
TEST-01556,
TEST-01557,
TEST-01558,
TEST-01559,
TEST-01560,
TEST-01561,
TEST-01562,
TEST-01563,
TEST-01564,
TEST-01565,
TEST-01566,
TEST-01567,
TEST-01568,
TEST-01569,
TEST-01570,
TEST-01571,
TEST-01572,
TEST-01573,
TEST-01574,
TEST-01575,
TEST-01576,
TEST-01577,
TEST-01578,
TEST-01579,
TEST-01580,
TEST-01581,
TEST-01582,
TEST-01583,
TEST-01584,
TEST-01585,
TEST-01586,
TEST-01587,
TEST-01588,
TEST-01589,
TEST-01590,
TEST-01591,
TEST-01592,
TEST-01593,
TEST-01594,
TEST-01595,
TEST-01596,
TEST-01597,
TEST-01598,
TEST-01599,
TEST-01600,
TEST-01601,
TEST-01602,
TEST-01603,
TEST-01604,
TEST-01605,
TEST-01606,
TEST-01607,
TEST-01608,
TEST-01609,
TEST-01610,
TEST-01611,
TEST-01612,
TEST-01613,
TEST-01614,
TEST-01615,
TEST-01616,
TEST-01617,
TEST-01618,
TEST-01619,
TEST-01620,
TEST-01621,
TEST-01622,
TEST-01623,
TEST-01624,
TEST-01625,
TEST-01626,
TEST-01627,
TEST-01628,
TEST-01629,
TEST-01630,
TEST-01631,
TEST-01632,
TEST-01633,
TEST-01634,
TEST-01635,
TEST-01636,
TEST-01637,
TEST-01638,
TEST-01639,
TEST-01640,
TEST-01641,
TEST-01642,
TEST-01643,
TEST-01644,
TEST-01645,
TEST-01646,
TEST-01647,
TEST-01648,
TEST-01649,
TEST-01650,
TEST-01651,
TEST-01652,
TEST-01653,
TEST-01654,
TEST-01655,
TEST-01656,
TEST-01657,
TEST-01658,
TEST-01659,
TEST-01660,
TEST-01661,
TEST-01662,
TEST-01663,
TEST-01664,
TEST-01665,
TEST-01666,
TEST-01667,
TEST-01668,
TEST-01669,
TEST-01670,
TEST-01671,
TEST-01672,
TEST-01673,
TEST-01674,
TEST-01675,
TEST-01676,
TEST-01677,
TEST-01678,
TEST-01679,
TEST-01680,
TEST-01681,
TEST-01682,
TEST-01683,
TEST-01684,
TEST-01685,
TEST-01686,
TEST-01687,
TEST-01688,
TEST-01689,
TEST-01690,
TEST-01691,
TEST-01692,
TEST-01693,
TEST-01694,
TEST-01695,
TEST-01696,
TEST-01697,
TEST-01698,
TEST-01699,
TEST-01700,
TEST-01701,
TEST-01702,
TEST-01703,
TEST-01704,
TEST-01705,
TEST-01706,
TEST-01707,
TEST-01708,
TEST-01709,
TEST-01710,
TEST-01711,
TEST-01712,
TEST-01713,
TEST-01714,
TEST-01715,
TEST-01716,
TEST-01717,
TEST-01718,
TEST-01719,
TEST-01720,
TEST-01721,
TEST-01722,
TEST-01723,
TEST-01724,
TEST-01725,
TEST-01726,
TEST-01727,
TEST-01728,
TEST-01729,
TEST-01730,
TEST-01731,
TEST-01732,
TEST-01733,
TEST-01734,
TEST-01735,
TEST-01736,
TEST-01737,
TEST-01738,
TEST-01739,
TEST-01740,
TEST-01741,
TEST-01742,
TEST-01743,
TEST-01744,
TEST-01745,
TEST-01746,
TEST-01747,
TEST-01748,
TEST-01749,
TEST-01750,
TEST-01751,
TEST-01752,
TEST-01753,
TEST-01754,
TEST-01755,
TEST-01756,
TEST-01757,
TEST-01758,
TEST-01759,
TEST-01760,
TEST-01761,
TEST-01762,
TEST-01763,
TEST-01764,
TEST-01765,
TEST-01766,
TEST-01767,
TEST-01768,
TEST-01769,
TEST-01770,
TEST-01771,
TEST-01772,
TEST-01773,
TEST-01774,
TEST-01775,
TEST-01776,
TEST-01777,
TEST-01778,
TEST-01779,
TEST-01780,
TEST-01781,
TEST-01782,
TEST-01783,
TEST-01784,
TEST-01785,
TEST-01786,
TEST-01787,
TEST-01788,
TEST-01789,
TEST-01790,
TEST-01791,
TEST-01792,
TEST-01793,
TEST-01794,
TEST-01795,
TEST-01796,
TEST-01797,
TEST-01798,
TEST-01799,
TEST-01800,
TEST-01801,
TEST-01802,
TEST-01803,
TEST-01804,
TEST-01805,
TEST-01806,
TEST-01807,
TEST-01808,
TEST-01809,
TEST-01810,
TEST-01811,
TEST-01812,
TEST-01813,
TEST-01814,
TEST-01815,
TEST-01816,
TEST-01817,
TEST-01818,
TEST-01819,
TEST-01820,
TEST-01821,
TEST-01822,
TEST-01823,
TEST-01824,
TEST-01825,
TEST-01826,
TEST-01827,
TEST-01828,
TEST-01829,
TEST-01830,
TEST-01831,
TEST-01832,
TEST-01833,
TEST-01834,
TEST-01835,
TEST-01836,
TEST-01837,
TEST-01838,
TEST-01839,
TEST-01840,
TEST-01841,
TEST-01842,
TEST-01843,
TEST-01844,
TEST-01845,
TEST-01846,
TEST-01847,
TEST-01848,
TEST-01849,
TEST-01850,
TEST-01851,
TEST-01852,
TEST-01853,
TEST-01854,
TEST-01855,
TEST-01856,
TEST-01857,
TEST-01858,
TEST-01859,
TEST-01860,
TEST-01861,
TEST-01862,
TEST-01863,
TEST-01864,
TEST-01865,
TEST-01866,
TEST-01867,
TEST-01868,
TEST-01869,
TEST-01870,
TEST-01871,
TEST-01872,
TEST-01873,
TEST-01874,
TEST-01875,
TEST-01876,
TEST-01877,
TEST-01878,
TEST-01879,
TEST-01880,
TEST-01881,
TEST-01882,
TEST-01883,
TEST-01884,
TEST-01885,
TEST-01886,
TEST-01887,
TEST-01888,
TEST-01889,
TEST-01890,
TEST-01891,
TEST-01892,
TEST-01893,
TEST-01894,
TEST-01895,
TEST-01896,
TEST-01897,
TEST-01898,
TEST-01899,
TEST-01900,
TEST-01901,
TEST-01902,
TEST-01903,
TEST-01904,
TEST-01905,
TEST-01906,
TEST-01907,
TEST-01908,
TEST-01909,
TEST-01910,
TEST-01911,
TEST-01912,
TEST-01913,
TEST-01914,
TEST-01915,
TEST-01916,
TEST-01917,
TEST-01918,
TEST-01919,
TEST-01920,
TEST-01921,
TEST-01922,
TEST-01923,
TEST-01924,
TEST-01925,
TEST-01926,
TEST-01927,
TEST-01928,
TEST-01929,
TEST-01930,
TEST-01931,
TEST-01932,
TEST-01933,
TEST-01934,
TEST-01935,
TEST-01936,
TEST-01937,
TEST-01938,
TEST-01939,
TEST-01940,
TEST-01941,
TEST-01942,
TEST-01943,
TEST-01944,
TEST-01945,
TEST-01946,
TEST-01947,
TEST-01948,
TEST-01949,
TEST-01950,
TEST-01951,
TEST-01952,
TEST-01953,
TEST-01954,
TEST-01955,
TEST-01956,
TEST-01957,
TEST-01958,
TEST-01959,
TEST-01960,
TEST-01961,
TEST-01962,
TEST-01963,
TEST-01964,
TEST-01965,
TEST-01966,
TEST-01967,
TEST-01968,
TEST-01969,
TEST-01970,
TEST-01971,
TEST-01972,
TEST-01973,
TEST-01974,
TEST-01975,
TEST-01976,
TEST-01977,
TEST-01978,
TEST-01979,
TEST-01980,
TEST-01981,
TEST-01982,
TEST-01983,
TEST-01984,
TEST-01985,
TEST-01986,
TEST-01987,
TEST-01988,
TEST-01989,
TEST-01990,
TEST-01991,
TEST-01992,
TEST-01993,
TEST-01994,
TEST-01995,
TEST-01996,
TEST-01997,
TEST-01998,
TEST-01999,
TEST-02000,
TEST-02001,
TEST-02002,
TEST-02003,
TEST-02004,
TEST-02005,
TEST-02006,
TEST-02007,
TEST-02008,
TEST-02009,
TEST-02010,
TEST-02011,
TEST-02012,
TEST-02013,
TEST-02014,
TEST-02015,
TEST-02016,
TEST-02017,
TEST-02018,
TEST-02019,
TEST-02020,
TEST-02021,
TEST-02022,
TEST-02023,
TEST-02024,
TEST-02025,
TEST-02026,
TEST-02027,
TEST-02028,
TEST-02029,
TEST-02030,
TEST-02031,
TEST-02032,
TEST-02033,
TEST-02034,
TEST-02035,
TEST-02036,
TEST-02037,
TEST-02038,
TEST-02039,
TEST-02040,
TEST-02041,
TEST-02042,
TEST-02043,
TEST-02044,
TEST-02045,
TEST-02046,
TEST-02047,
TEST-02048,
TEST-02049,
TEST-02050,
TEST-02051,
TEST-02052,
TEST-02053,
TEST-02054,
TEST-02055,
TEST-02056,
TEST-02057,
TEST-02058,
TEST-02059,
TEST-02060,
TEST-02061,
TEST-02062,
TEST-02063,
TEST-02064,
TEST-02065,
TEST-02066,
TEST-02067,
TEST-02068,
TEST-02069,
TEST-02070,
TEST-02071,
TEST-02072,
TEST-02073,
TEST-02074,
TEST-02075,
TEST-02076,
TEST-02077,
TEST-02078,
TEST-02079,
TEST-02080,
TEST-02081,
TEST-02082,
TEST-02083,
TEST-02084,
TEST-02085,
TEST-02086,
TEST-02087,
TEST-02088,
TEST-02089,
TEST-02090,
TEST-02091,
TEST-02092,
TEST-02093,
TEST-02094,
TEST-02095,
TEST-02096,
TEST-02097,
TEST-02098,
TEST-02099,
TEST-02100,
TEST-02101,
TEST-02102,
TEST-02103,
TEST-02104,
TEST-02105,
TEST-02106,
TEST-02107,
TEST-02108,
TEST-02109,
TEST-02110,
TEST-02111,
TEST-02112,
TEST-02113,
TEST-02114,
TEST-02115,
TEST-02116,
TEST-02117,
TEST-02118,
TEST-02119,
TEST-02120,
TEST-02121,
TEST-02122,
TEST-02123,
TEST-02124,
TEST-02125,
TEST-02126,
TEST-02127,
TEST-02128,
TEST-02129,
TEST-02130,
TEST-02131,
TEST-02132,
TEST-02133,
TEST-02134,
TEST-02135,
TEST-02136,
TEST-02137,
TEST-02138,
TEST-02139,
TEST-02140,
TEST-02141,
TEST-02142,
TEST-02143,
TEST-02144,
TEST-02145,
TEST-02146,
TEST-02147,
TEST-02148,
TEST-02149,
TEST-02150,
TEST-02151,
TEST-02152,
TEST-02153,
TEST-02154,
TEST-02155,
TEST-02156,
TEST-02157,
TEST-02158,
TEST-02159,
TEST-02160,
TEST-02161,
TEST-02162,
TEST-02163,
TEST-02164,
TEST-02165,
TEST-02166,
TEST-02167,
TEST-02168,
TEST-02169,
TEST-02170,
TEST-02171,
TEST-02172,
TEST-02173,
TEST-02174,
TEST-02175,
TEST-02176,
TEST-02177,
TEST-02178,
TEST-02179,
TEST-02180,
TEST-02181,
TEST-02182,
TEST-02183,
TEST-02184,
TEST-02185,
TEST-02186,
TEST-02187,
TEST-02188,
TEST-02189,
TEST-02190,
TEST-02191,
TEST-02192,
TEST-02193,
TEST-02194,
TEST-02195,
TEST-02196,
TEST-02197,
TEST-02198,
TEST-02199,
TEST-02200,
TEST-02201,
TEST-02202,
TEST-02203,
TEST-02204,
TEST-02205,
TEST-02206,
TEST-02207,
TEST-02208,
TEST-02209,
TEST-02210,
TEST-02211,
TEST-02212,
TEST-02213,
TEST-02214,
TEST-02215,
TEST-02216,
TEST-02217,
TEST-02218,
TEST-02219,
TEST-02220,
TEST-02221,
TEST-02222,
TEST-02223,
TEST-02224,
TEST-02225,
TEST-02226,
TEST-02227,
TEST-02228,
TEST-02229,
TEST-02230,
TEST-02231,
TEST-02232,
TEST-02233,
TEST-02234,
TEST-02235,
TEST-02236,
TEST-02237,
TEST-02238,
TEST-02239,
TEST-02240,
TEST-02241,
TEST-02242,
TEST-02243,
TEST-02244,
TEST-02245,
TEST-02246,
TEST-02247,
TEST-02248,
TEST-02249,
TEST-02250,
TEST-02251,
TEST-02252,
TEST-02253,
TEST-02254,
TEST-02255,
TEST-02256,
TEST-02257,
TEST-02258,
TEST-02259,
TEST-02260,
TEST-02261,
TEST-02262,
TEST-02263,
TEST-02264,
TEST-02265,
TEST-02266,
TEST-02267,
TEST-02268,
TEST-02269,
TEST-02270,
TEST-02271,
TEST-02272,
TEST-02273,
TEST-02274,
TEST-02275,
TEST-02276,
TEST-02277,
TEST-02278,
TEST-02279,
TEST-02280,
TEST-02281,
TEST-02282,
TEST-02283,
TEST-02284,
TEST-02285,
TEST-02286,
TEST-02287,
TEST-02288,
TEST-02289,
TEST-02290,
TEST-02291,
TEST-02292,
TEST-02293,
TEST-02294,
TEST-02295,
TEST-02296,
TEST-02297,
TEST-02298,
TEST-02299,
TEST-02300,
TEST-02301,
TEST-02302,
TEST-02303,
TEST-02304,
TEST-02305,
TEST-02306,
TEST-02307,
TEST-02308,
TEST-02309,
TEST-02310,
TEST-02311,
TEST-02312,
TEST-02313,
TEST-02314,
TEST-02315,
TEST-02316,
TEST-02317,
TEST-02318,
TEST-02319,
TEST-02320,
TEST-02321,
TEST-02322,
TEST-02323,
TEST-02324,
TEST-02325,
TEST-02326,
TEST-02327,
TEST-02328,
TEST-02329,
TEST-02330,
TEST-02331,
TEST-02332,
TEST-02333,
TEST-02334,
TEST-02335,
TEST-02336,
TEST-02337,
TEST-02338,
TEST-02339,
TEST-02340,
TEST-02341,
TEST-02342,
TEST-02343,
TEST-02344,
TEST-02345,
TEST-02346,
TEST-02347,
TEST-02348,
TEST-02349,
TEST-02350,
TEST-02351,
TEST-02352,
TEST-02353,
TEST-02354,
TEST-02355,
TEST-02356,
TEST-02357,
TEST-02358,
TEST-02359,
TEST-02360,
TEST-02361,
TEST-02362,
TEST-02363,
TEST-02364,
TEST-02365,
TEST-02366,
TEST-02367,
TEST-02368,
TEST-02369,
TEST-02370,
TEST-02371,
TEST-02372,
TEST-02373,
TEST-02374,
TEST-02375,
TEST-02376,
TEST-02377,
TEST-02378,
TEST-02379,
TEST-02380,
TEST-02381,
TEST-02382,
TEST-02383,
TEST-02384,
TEST-02385,
TEST-02386,
TEST-02387,
TEST-02388,
TEST-02389,
TEST-02390,
TEST-02391,
TEST-02392,
TEST-02393,
TEST-02394,
TEST-02395,
TEST-02396,
TEST-02397,
TEST-02398,
TEST-02399,
TEST-02400,
TEST-02401,
TEST-02402,
TEST-02403,
TEST-02404,
TEST-02405,
TEST-02406,
TEST-02407,
TEST-02408,
TEST-02409,
TEST-02410,
TEST-02411,
TEST-02412,
TEST-02413,
TEST-02414,
TEST-02415,
TEST-02416,
TEST-02417,
TEST-02418,
TEST-02419,
TEST-02420,
TEST-02421,
TEST-02422,
TEST-02423,
TEST-02424,
TEST-02425,
TEST-02426,
TEST-02427,
TEST-02428,
TEST-02429,
TEST-02430,
TEST-02431,
TEST-02432,
TEST-02433,
TEST-02434,
TEST-02435,
TEST-02436,
TEST-02437,
TEST-02438,
TEST-02439,
TEST-02440,
TEST-02441,
TEST-02442,
TEST-02443,
TEST-02444,
TEST-02445,
TEST-02446,
TEST-02447,
TEST-02448,
TEST-02449,
TEST-02450,
TEST-02451,
TEST-02452,
TEST-02453,
TEST-02454,
TEST-02455,
TEST-02456,
TEST-02457,
TEST-02458,
TEST-02459,
TEST-02460,
TEST-02461,
TEST-02462,
TEST-02463,
TEST-02464,
TEST-02465,
TEST-02466,
TEST-02467,
TEST-02468,
TEST-02469,
TEST-02470,
TEST-02471,
TEST-02472,
TEST-02473,
TEST-02474,
TEST-02475,
TEST-02476,
TEST-02477,
TEST-02478,
TEST-02479,
TEST-02480,
TEST-02481,
TEST-02482,
TEST-02483,
TEST-02484,
TEST-02485,
TEST-02486,
TEST-02487,
TEST-02488,
TEST-02489,
TEST-02490,
TEST-02491,
TEST-02492,
TEST-02493,
TEST-02494,
TEST-02495,
TEST-02496,
TEST-02497,
TEST-02498,
TEST-02499,
TEST-02500,
TEST-02501,
TEST-02502,
TEST-02503,
TEST-02504,
TEST-02505,
TEST-02506,
TEST-02507,
TEST-02508,
TEST-02509,
TEST-02510,
TEST-02511,
TEST-02512,
TEST-02513,
TEST-02514,
TEST-02515,
TEST-02516,
TEST-02517,
TEST-02518,
TEST-02519,
TEST-02520,
TEST-02521,
TEST-02522,
TEST-02523,
TEST-02524,
TEST-02525,
TEST-02526,
TEST-02527,
TEST-02528,
TEST-02529,
TEST-02530,
TEST-02531,
TEST-02532,
TEST-02533,
TEST-02534,
TEST-02535,
TEST-02536,
TEST-02537,
TEST-02538,
TEST-02539,
TEST-02540,
TEST-02541,
TEST-02542,
TEST-02543,
TEST-02544,
TEST-02545,
TEST-02546,
TEST-02547,
TEST-02548,
TEST-02549,
TEST-02550,
TEST-02551,
TEST-02552,
TEST-02553,
TEST-02554,
TEST-02555,
TEST-02556,
TEST-02557,
TEST-02558,
TEST-02559,
TEST-02560,
TEST-02561,
TEST-02562,
TEST-02563,
TEST-02564,
TEST-02565,
TEST-02566,
TEST-02567,
TEST-02568,
TEST-02569,
TEST-02570,
TEST-02571,
TEST-02572,
TEST-02573,
TEST-02574,
TEST-02575,
TEST-02576,
TEST-02577,
TEST-02578,
TEST-02579,
TEST-02580,
TEST-02581,
TEST-02582,
TEST-02583,
TEST-02584,
TEST-02585,
TEST-02586,
TEST-02587,
TEST-02588,
TEST-02589,
TEST-02590,
TEST-02591,
TEST-02592,
TEST-02593,
TEST-02594,
TEST-02595,
TEST-02596,
TEST-02597,
TEST-02598,
TEST-02599,
TEST-02600,
TEST-02601,
TEST-02602,
TEST-02603,
TEST-02604,
TEST-02605,
TEST-02606,
TEST-02607,
TEST-02608,
TEST-02609,
TEST-02610,
TEST-02611,
TEST-02612,
TEST-02613,
TEST-02614,
TEST-02615,
TEST-02616,
TEST-02617,
TEST-02618,
TEST-02619,
TEST-02620,
TEST-02621,
TEST-02622,
TEST-02623,
TEST-02624,
TEST-02625,
TEST-02626,
TEST-02627,
TEST-02628,
TEST-02629,
TEST-02630,
TEST-02631,
TEST-02632,
TEST-02633,
TEST-02634,
TEST-02635,
TEST-02636,
TEST-02637,
TEST-02638,
TEST-02639,
TEST-02640,
TEST-02641,
TEST-02642,
TEST-02643,
TEST-02644,
TEST-02645,
TEST-02646,
TEST-02647,
TEST-02648,
TEST-02649,
TEST-02650,
TEST-02651,
TEST-02652,
TEST-02653,
TEST-02654,
TEST-02655,
TEST-02656,
TEST-02657,
TEST-02658,
TEST-02659,
TEST-02660,
TEST-02661,
TEST-02662,
TEST-02663,
TEST-02664,
TEST-02665,
TEST-02666,
TEST-02667,
TEST-02668,
TEST-02669,
TEST-02670,
TEST-02671,
TEST-02672,
TEST-02673,
TEST-02674,
TEST-02675,
TEST-02676,
TEST-02677,
TEST-02678,
TEST-02679,
TEST-02680,
TEST-02681,
TEST-02682,
TEST-02683,
TEST-02684,
TEST-02685,
TEST-02686,
TEST-02687,
TEST-02688,
TEST-02689,
TEST-02690,
TEST-02691,
TEST-02692,
TEST-02693,
TEST-02694,
TEST-02695,
TEST-02696,
TEST-02697,
TEST-02698,
TEST-02699,
TEST-02700,
TEST-02701,
TEST-02702,
TEST-02703,
TEST-02704,
TEST-02705,
TEST-02706,
TEST-02707,
TEST-02708,
TEST-02709,
TEST-02710,
TEST-02711,
TEST-02712,
TEST-02713,
TEST-02714,
TEST-02715,
TEST-02716,
TEST-02717,
TEST-02718,
TEST-02719,
TEST-02720,
TEST-02721,
TEST-02722,
TEST-02723,
TEST-02724,
TEST-02725,
TEST-02726,
TEST-02727,
TEST-02728,
TEST-02729,
TEST-02730,
TEST-02731,
TEST-02732,
TEST-02733,
TEST-02734,
TEST-02735,
TEST-02736,
TEST-02737,
TEST-02738,
TEST-02739,
TEST-02740,
TEST-02741,
TEST-02742,
TEST-02743,
TEST-02744,
TEST-02745,
TEST-02746,
TEST-02747,
TEST-02748,
TEST-02749,
TEST-02750,
TEST-02751,
TEST-02752,
TEST-02753,
TEST-02754,
TEST-02755,
TEST-02756,
TEST-02757,
TEST-02758,
TEST-02759,
TEST-02760,
TEST-02761,
TEST-02762,
TEST-02763,
TEST-02764,
TEST-02765,
TEST-02766,
TEST-02767,
TEST-02768,
TEST-02769,
TEST-02770,
TEST-02771,
TEST-02772,
TEST-02773,
TEST-02774,
TEST-02775,
TEST-02776,
TEST-02777,
TEST-02778,
TEST-02779,
TEST-02780,
TEST-02781,
TEST-02782,
TEST-02783,
TEST-02784,
TEST-02785,
TEST-02786,
TEST-02787,
TEST-02788,
TEST-02789,
TEST-02790,
TEST-02791,
TEST-02792,
TEST-02793,
TEST-02794,
TEST-02795,
TEST-02796,
TEST-02797,
TEST-02798,
TEST-02799,
TEST-02800,
TEST-02801,
TEST-02802,
TEST-02803,
TEST-02804,
TEST-02805,
TEST-02806,
TEST-02807,
TEST-02808,
TEST-02809,
TEST-02810,
TEST-02811,
TEST-02812,
TEST-02813,
TEST-02814,
TEST-02815,
TEST-02816,
TEST-02817,
TEST-02818,
TEST-02819,
TEST-02820,
TEST-02821,
TEST-02822,
TEST-02823,
TEST-02824,
TEST-02825,
TEST-02826,
TEST-02827,
TEST-02828,
TEST-02829,
TEST-02830,
TEST-02831,
TEST-02832,
TEST-02833,
TEST-02834,
TEST-02835,
TEST-02836,
TEST-02837,
TEST-02838,
TEST-02839,
TEST-02840,
TEST-02841,
TEST-02842,
TEST-02843,
TEST-02844,
TEST-02845,
TEST-02846,
TEST-02847,
TEST-02848,
TEST-02849,
TEST-02850,
TEST-02851,
TEST-02852,
TEST-02853,
TEST-02854,
TEST-02855,
TEST-02856,
TEST-02857,
TEST-02858,
TEST-02859,
TEST-02860,
TEST-02861,
TEST-02862,
TEST-02863,
TEST-02864,
TEST-02865,
TEST-02866,
TEST-02867,
TEST-02868,
TEST-02869,
TEST-02870,
TEST-02871,
TEST-02872,
TEST-02873,
TEST-02874,
TEST-02875,
TEST-02876,
TEST-02877,
TEST-02878,
TEST-02879,
TEST-02880,
TEST-02881,
TEST-02882,
TEST-02883,
TEST-02884,
TEST-02885,
TEST-02886,
TEST-02887,
TEST-02888,
TEST-02889,
TEST-02890,
TEST-02891,
TEST-02892,
TEST-02893,
TEST-02894,
TEST-02895,
TEST-02896,
TEST-02897,
TEST-02898,
TEST-02899,
TEST-02900,
TEST-02901,
TEST-02902,
TEST-02903,
TEST-02904,
TEST-02905,
TEST-02906,
TEST-02907,
TEST-02908,
TEST-02909,
TEST-02910,
TEST-02911,
TEST-02912,
TEST-02913,
TEST-02914,
TEST-02915,
TEST-02916,
TEST-02917,
TEST-02918,
TEST-02919,
TEST-02920,
TEST-02921,
TEST-02922,
TEST-02923,
TEST-02924,
TEST-02925,
TEST-02926,
TEST-02927,
TEST-02928,
TEST-02929,
TEST-02930,
TEST-02931,
TEST-02932,
TEST-02933,
TEST-02934,
TEST-02935,
TEST-02936,
TEST-02937,
TEST-02938,
TEST-02939,
TEST-02940,
TEST-02941,
TEST-02942,
TEST-02943,
TEST-02944,
TEST-02945,
TEST-02946,
TEST-02947,
TEST-02948,
TEST-02949,
TEST-02950,
TEST-02951,
TEST-02952,
TEST-02953,
TEST-02954,
TEST-02955,
TEST-02956,
TEST-02957,
TEST-02958,
TEST-02959,
TEST-02960,
TEST-02961,
TEST-02962,
TEST-02963,
TEST-02964,
TEST-02965,
TEST-02966,
TEST-02967,
TEST-02968,
TEST-02969,
TEST-02970,
TEST-02971,
TEST-02972,
TEST-02973,
TEST-02974,
TEST-02975,
TEST-02976,
TEST-02977,
TEST-02978,
TEST-02979,
TEST-02980,
TEST-02981,
TEST-02982,
TEST-02983,
TEST-02984,
TEST-02985,
TEST-02986,
TEST-02987,
TEST-02988,
TEST-02989,
TEST-02990,
TEST-02991,
TEST-02992,
TEST-02993,
TEST-02994,
TEST-02995,
TEST-02996,
TEST-02997,
TEST-02998,
TEST-02999,
TEST-03000,
TEST-03001,
TEST-03002,
TEST-03003,
TEST-03004,
TEST-03005,
TEST-03006,
TEST-03007,
TEST-03008,
TEST-03009,
TEST-03010,
TEST-03011,
TEST-03012,
TEST-03013,
TEST-03014,
TEST-03015,
TEST-03016,
TEST-03017,
TEST-03018,
TEST-03019,
TEST-03020,
TEST-03021,
TEST-03022,
TEST-03023,
TEST-03024,
TEST-03025,
TEST-03026,
TEST-03027,
TEST-03028,
TEST-03029,
TEST-03030,
TEST-03031,
TEST-03032,
TEST-03033,
TEST-03034,
TEST-03035,
TEST-03036,
TEST-03037,
TEST-03038,
TEST-03039,
TEST-03040,
TEST-03041,
TEST-03042,
TEST-03043,
TEST-03044,
TEST-03045,
TEST-03046,
TEST-03047,
TEST-03048,
TEST-03049,
TEST-03050,
TEST-03051,
TEST-03052,
TEST-03053,
TEST-03054,
TEST-03055,
TEST-03056,
TEST-03057,
TEST-03058,
TEST-03059,
TEST-03060,
TEST-03061,
TEST-03062,
TEST-03063,
TEST-03064,
TEST-03065,
TEST-03066,
TEST-03067,
TEST-03068,
TEST-03069,
TEST-03070,
TEST-03071,
TEST-03072,
TEST-03073,
TEST-03074,
TEST-03075,
TEST-03076,
TEST-03077,
TEST-03078,
TEST-03079,
TEST-03080,
TEST-03081,
TEST-03082,
TEST-03083,
TEST-03084,
TEST-03085,
TEST-03086,
TEST-03087,
TEST-03088,
TEST-03089,
TEST-03090,
TEST-03091,
TEST-03092,
TEST-03093,
TEST-03094,
TEST-03095,
TEST-03096,
TEST-03097,
TEST-03098,
TEST-03099,
TEST-03100,
TEST-03101,
TEST-03102,
TEST-03103,
TEST-03104,
TEST-03105,
TEST-03106,
TEST-03107,
TEST-03108,
TEST-03109,
TEST-03110,
TEST-03111,
TEST-03112,
TEST-03113,
TEST-03114,
TEST-03115,
TEST-03116,
TEST-03117,
TEST-03118,
TEST-03119,
TEST-03120,
TEST-03121,
TEST-03122,
TEST-03123,
TEST-03124,
TEST-03125,
TEST-03126,
TEST-03127,
TEST-03128,
TEST-03129,
TEST-03130,
TEST-03131,
TEST-03132,
TEST-03133,
TEST-03134,
TEST-03135,
TEST-03136,
TEST-03137,
TEST-03138,
TEST-03139,
TEST-03140,
TEST-03141,
TEST-03142,
TEST-03143,
TEST-03144,
TEST-03145,
TEST-03146,
TEST-03147,
TEST-03148,
TEST-03149,
TEST-03150,
TEST-03151,
TEST-03152,
TEST-03153,
TEST-03154,
TEST-03155,
TEST-03156,
TEST-03157,
TEST-03158,
TEST-03159,
TEST-03160,
TEST-03161,
TEST-03162,
TEST-03163,
TEST-03164,
TEST-03165,
TEST-03166,
TEST-03167,
TEST-03168,
TEST-03169,
TEST-03170,
TEST-03171,
TEST-03172,
TEST-03173,
TEST-03174,
TEST-03175,
TEST-03176,
TEST-03177,
TEST-03178,
TEST-03179,
TEST-03180,
TEST-03181,
TEST-03182,
TEST-03183,
TEST-03184,
TEST-03185,
TEST-03186,
TEST-03187,
TEST-03188,
TEST-03189,
TEST-03190,
TEST-03191,
TEST-03192,
TEST-03193,
TEST-03194,
TEST-03195,
TEST-03196,
TEST-03197,
TEST-03198,
TEST-03199,
TEST-03200,
TEST-03201,
TEST-03202,
TEST-03203,
TEST-03204,
TEST-03205,
TEST-03206,
TEST-03207,
TEST-03208,
TEST-03209,
TEST-03210,
TEST-03211,
TEST-03212,
TEST-03213,
TEST-03214,
TEST-03215,
TEST-03216,
TEST-03217,
TEST-03218,
TEST-03219,
TEST-03220,
TEST-03221,
TEST-03222,
TEST-03223,
TEST-03224,
TEST-03225,
TEST-03226,
TEST-03227,
TEST-03228,
TEST-03229,
TEST-03230,
TEST-03231,
TEST-03232,
TEST-03233,
TEST-03234,
TEST-03235,
TEST-03236,
TEST-03237,
TEST-03238,
TEST-03239,
TEST-03240,
TEST-03241,
TEST-03242,
TEST-03243,
TEST-03244,
TEST-03245,
TEST-03246,
TEST-03247,
TEST-03248,
TEST-03249,
TEST-03250,
TEST-03251,
TEST-03252,
TEST-03253,
TEST-03254,
TEST-03255,
TEST-03256,
TEST-03257,
TEST-03258,
TEST-03259,
TEST-03260,
TEST-03261,
TEST-03262,
TEST-03263,
TEST-03264,
TEST-03265,
TEST-03266,
TEST-03267,
TEST-03268,
TEST-03269,
TEST-03270,
TEST-03271,
TEST-03272,
TEST-03273,
TEST-03274,
TEST-03275,
TEST-03276,
TEST-03277,
TEST-03278,
TEST-03279,
TEST-03280,
TEST-03281,
TEST-03282,
TEST-03283,
TEST-03284,
TEST-03285,
TEST-03286,
TEST-03287,
TEST-03288,
TEST-03289,
TEST-03290,
TEST-03291,
TEST-03292,
TEST-03293,
TEST-03294,
TEST-03295,
TEST-03296,
TEST-03297,
TEST-03298,
TEST-03299,
TEST-03300,
TEST-03301,
TEST-03302,
TEST-03303,
TEST-03304,
TEST-03305,
TEST-03306,
TEST-03307,
TEST-03308,
TEST-03309,
TEST-03310,
TEST-03311,
TEST-03312,
TEST-03313,
TEST-03314,
TEST-03315,
TEST-03316,
TEST-03317,
TEST-03318,
TEST-03319,
TEST-03320,
TEST-03321,
TEST-03322,
TEST-03323,
TEST-03324,
TEST-03325,
TEST-03326,
TEST-03327,
TEST-03328,
TEST-03329,
TEST-03330,
TEST-03331,
TEST-03332,
TEST-03333,
TEST-03334,
TEST-03335,
TEST-03336,
TEST-03337,
TEST-03338,
TEST-03339,
TEST-03340,
TEST-03341,
TEST-03342,
TEST-03343,
TEST-03344,
TEST-03345,
TEST-03346,
TEST-03347,
TEST-03348,
TEST-03349,
TEST-03350,
TEST-03351,
TEST-03352,
TEST-03353,
TEST-03354,
TEST-03355,
TEST-03356,
TEST-03357,
TEST-03358,
TEST-03359,
TEST-03360,
TEST-03361,
TEST-03362,
TEST-03363,
TEST-03364,
TEST-03365,
TEST-03366,
TEST-03367,
TEST-03368,
TEST-03369,
TEST-03370,
TEST-03371,
TEST-03372,
TEST-03373,
TEST-03374,
TEST-03375,
TEST-03376,
TEST-03377,
TEST-03378,
TEST-03379,
TEST-03380,
TEST-03381,
TEST-03382,
TEST-03383,
TEST-03384,
TEST-03385,
TEST-03386,
TEST-03387,
TEST-03388,
TEST-03389,
TEST-03390,
TEST-03391,
TEST-03392,
TEST-03393,
TEST-03394,
TEST-03395,
TEST-03396,
TEST-03397,
TEST-03398,
TEST-03399,
TEST-03400,
TEST-03401,
TEST-03402,
TEST-03403,
TEST-03404,
TEST-03405,
TEST-03406,
TEST-03407,
TEST-03408,
TEST-03409,
TEST-03410,
TEST-03411,
TEST-03412,
TEST-03413,
TEST-03414,
TEST-03415,
TEST-03416,
TEST-03417,
TEST-03418,
TEST-03419,
TEST-03420,
TEST-03421,
TEST-03422,
TEST-03423,
TEST-03424,
TEST-03425,
TEST-03426,
TEST-03427,
TEST-03428,
TEST-03429,
TEST-03430,
TEST-03431,
TEST-03432,
TEST-03433,
TEST-03434,
TEST-03435,
TEST-03436,
TEST-03437,
TEST-03438,
TEST-03439,
TEST-03440,
TEST-03441,
TEST-03442,
TEST-03443,
TEST-03444,
TEST-03445,
TEST-03446,
TEST-03447,
TEST-03448,
TEST-03449,
TEST-03450,
TEST-03451,
TEST-03452,
TEST-03453,
TEST-03454,
TEST-03455,
TEST-03456,
TEST-03457,
TEST-03458,
TEST-03459,
TEST-03460,
TEST-03461,
TEST-03462,
TEST-03463,
TEST-03464,
TEST-03465,
TEST-03466,
TEST-03467,
TEST-03468,
TEST-03469,
TEST-03470,
TEST-03471,
TEST-03472,
TEST-03473,
TEST-03474,
TEST-03475,
TEST-03476,
TEST-03477,
TEST-03478,
TEST-03479,
TEST-03480,
TEST-03481,
TEST-03482,
TEST-03483,
TEST-03484,
TEST-03485,
TEST-03486,
TEST-03487,
TEST-03488,
TEST-03489,
TEST-03490,
TEST-03491,
TEST-03492,
TEST-03493,
TEST-03494,
TEST-03495,
TEST-03496,
TEST-03497,
TEST-03498,
TEST-03499,
TEST-03500,
TEST-03501,
TEST-03502,
TEST-03503,
TEST-03504,
TEST-03505,
TEST-03506,
TEST-03507,
TEST-03508,
TEST-03509,
TEST-03510,
TEST-03511,
TEST-03512,
TEST-03513,
TEST-03514,
TEST-03515,
TEST-03516,
TEST-03517,
TEST-03518,
TEST-03519,
TEST-03520,
TEST-03521,
TEST-03522,
TEST-03523,
TEST-03524,
TEST-03525,
TEST-03526,
TEST-03527,
TEST-03528,
TEST-03529,
TEST-03530,
TEST-03531,
TEST-03532,
TEST-03533,
TEST-03534,
TEST-03535,
TEST-03536,
TEST-03537,
TEST-03538,
TEST-03539,
TEST-03540,
TEST-03541,
TEST-03542,
TEST-03543,
TEST-03544,
TEST-03545,
TEST-03546,
TEST-03547,
TEST-03548,
TEST-03549,
TEST-03550,
TEST-03551,
TEST-03552,
TEST-03553,
TEST-03554,
TEST-03555,
TEST-03556,
TEST-03557,
TEST-03558,
TEST-03559,
TEST-03560,
TEST-03561,
TEST-03562,
TEST-03563,
TEST-03564,
TEST-03565,
TEST-03566,
TEST-03567,
TEST-03568,
TEST-03569,
TEST-03570,
TEST-03571,
TEST-03572,
TEST-03573,
TEST-03574,
TEST-03575,
TEST-03576,
TEST-03577,
TEST-03578,
TEST-03579,
TEST-03580,
TEST-03581,
TEST-03582,
TEST-03583,
TEST-03584,
TEST-03585,
TEST-03586,
TEST-03587,
TEST-03588,
TEST-03589,
TEST-03590,
TEST-03591,
TEST-03592,
TEST-03593,
TEST-03594,
TEST-03595,
TEST-03596,
TEST-03597,
TEST-03598,
TEST-03599,
TEST-03600,
TEST-03601,
TEST-03602,
TEST-03603,
TEST-03604,
TEST-03605,
TEST-03606,
TEST-03607,
TEST-03608,
TEST-03609,
TEST-03610,
TEST-03611,
TEST-03612,
TEST-03613,
TEST-03614,
TEST-03615,
TEST-03616,
TEST-03617,
TEST-03618,
TEST-03619,
TEST-03620,
TEST-03621,
TEST-03622,
TEST-03623,
TEST-03624,
TEST-03625,
TEST-03626,
TEST-03627,
TEST-03628,
TEST-03629,
TEST-03630,
TEST-03631,
TEST-03632,
TEST-03633,
TEST-03634,
TEST-03635,
TEST-03636,
TEST-03637,
TEST-03638,
TEST-03639,
TEST-03640,
TEST-03641,
TEST-03642,
TEST-03643,
TEST-03644,
TEST-03645,
TEST-03646,
TEST-03647,
TEST-03648,
TEST-03649,
TEST-03650,
TEST-03651,
TEST-03652,
TEST-03653,
TEST-03654,
TEST-03655,
TEST-03656,
TEST-03657,
TEST-03658,
TEST-03659,
TEST-03660,
TEST-03661,
TEST-03662,
TEST-03663,
TEST-03664,
TEST-03665,
TEST-03666,
TEST-03667,
TEST-03668,
TEST-03669,
TEST-03670,
TEST-03671,
TEST-03672,
TEST-03673,
TEST-03674,
TEST-03675,
TEST-03676,
TEST-03677,
TEST-03678,
TEST-03679,
TEST-03680,
TEST-03681,
TEST-03682,
TEST-03683,
TEST-03684,
TEST-03685,
TEST-03686,
TEST-03687,
TEST-03688,
TEST-03689,
TEST-03690,
TEST-03691,
TEST-03692,
TEST-03693,
TEST-03694,
TEST-03695,
TEST-03696,
TEST-03697,
TEST-03698,
TEST-03699,
TEST-03700,
TEST-03701,
TEST-03702,
TEST-03703,
TEST-03704,
TEST-03705,
TEST-03706,
TEST-03707,
TEST-03708,
TEST-03709,
TEST-03710,
TEST-03711,
TEST-03712,
TEST-03713,
TEST-03714,
TEST-03715,
TEST-03716,
TEST-03717,
TEST-03718,
TEST-03719,
TEST-03720,
TEST-03721,
TEST-03722,
TEST-03723,
TEST-03724,
TEST-03725,
TEST-03726,
TEST-03727,
TEST-03728,
TEST-03729,
TEST-03730,
TEST-03731,
TEST-03732,
TEST-03733,
TEST-03734,
TEST-03735,
TEST-03736,
TEST-03737,
TEST-03738,
TEST-03739,
TEST-03740,
TEST-03741,
TEST-03742,
TEST-03743,
TEST-03744,
TEST-03745,
TEST-03746,
TEST-03747,
TEST-03748,
TEST-03749,
TEST-03750,
TEST-03751,
TEST-03752,
TEST-03753,
TEST-03754,
TEST-03755,
TEST-03756,
TEST-03757,
TEST-03758,
TEST-03759,
TEST-03760,
TEST-03761,
TEST-03762,
TEST-03763,
TEST-03764,
TEST-03765,
TEST-03766,
TEST-03767,
TEST-03768,
TEST-03769,
TEST-03770,
TEST-03771,
TEST-03772,
TEST-03773,
TEST-03774,
TEST-03775,
TEST-03776,
TEST-03777,
TEST-03778,
TEST-03779,
TEST-03780,
TEST-03781,
TEST-03782,
TEST-03783,
TEST-03784,
TEST-03785,
TEST-03786,
TEST-03787,
TEST-03788,
TEST-03789,
TEST-03790,
TEST-03791,
TEST-03792,
TEST-03793,
TEST-03794,
TEST-03795,
TEST-03796,
TEST-03797,
TEST-03798,
TEST-03799,
TEST-03800,
TEST-03801,
TEST-03802,
TEST-03803,
TEST-03804,
TEST-03805,
TEST-03806,
TEST-03807,
TEST-03808,
TEST-03809,
TEST-03810,
TEST-03811,
TEST-03812,
TEST-03813,
TEST-03814,
TEST-03815,
TEST-03816,
TEST-03817,
TEST-03818,
TEST-03819,
TEST-03820,
TEST-03821,
TEST-03822,
TEST-03823,
TEST-03824,
TEST-03825,
TEST-03826,
TEST-03827,
TEST-03828,
TEST-03829,
TEST-03830,
TEST-03831,
TEST-03832,
TEST-03833,
TEST-03834,
TEST-03835,
TEST-03836,
TEST-03837,
TEST-03838,
TEST-03839,
TEST-03840,
TEST-03841,
TEST-03842,
TEST-03843,
TEST-03844,
TEST-03845,
TEST-03846,
TEST-03847,
TEST-03848,
TEST-03849,
TEST-03850,
TEST-03851,
TEST-03852,
TEST-03853,
TEST-03854,
TEST-03855,
TEST-03856,
TEST-03857,
TEST-03858,
TEST-03859,
TEST-03860,
TEST-03861,
TEST-03862,
TEST-03863,
TEST-03864,
TEST-03865,
TEST-03866,
TEST-03867,
TEST-03868,
TEST-03869,
TEST-03870,
TEST-03871,
TEST-03872,
TEST-03873,
TEST-03874,
TEST-03875,
TEST-03876,
TEST-03877,
TEST-03878,
TEST-03879,
TEST-03880,
TEST-03881,
TEST-03882,
TEST-03883,
TEST-03884,
TEST-03885,
TEST-03886,
TEST-03887,
TEST-03888,
TEST-03889,
TEST-03890,
TEST-03891,
TEST-03892,
TEST-03893,
TEST-03894,
TEST-03895,
TEST-03896,
TEST-03897,
TEST-03898,
TEST-03899,
TEST-03900,
TEST-03901,
TEST-03902,
TEST-03903,
TEST-03904,
TEST-03905,
TEST-03906,
TEST-03907,
TEST-03908,
TEST-03909,
TEST-03910,
TEST-03911,
TEST-03912,
TEST-03913,
TEST-03914,
TEST-03915,
TEST-03916,
TEST-03917,
TEST-03918,
TEST-03919,
TEST-03920,
TEST-03921,
TEST-03922,
TEST-03923,
TEST-03924,
TEST-03925,
TEST-03926,
TEST-03927,
TEST-03928,
TEST-03929,
TEST-03930,
TEST-03931,
TEST-03932,
TEST-03933,
TEST-03934,
TEST-03935,
TEST-03936,
TEST-03937,
TEST-03938,
TEST-03939,
TEST-03940,
TEST-03941,
TEST-03942,
TEST-03943,
TEST-03944,
TEST-03945,
TEST-03946,
TEST-03947,
TEST-03948,
TEST-03949,
TEST-03950,
TEST-03951,
TEST-03952,
TEST-03953,
TEST-03954,
TEST-03955,
TEST-03956,
TEST-03957,
TEST-03958,
TEST-03959,
TEST-03960,
TEST-03961,
TEST-03962,
TEST-03963,
TEST-03964,
TEST-03965,
TEST-03966,
TEST-03967,
TEST-03968,
TEST-03969,
TEST-03970,
TEST-03971,
TEST-03972,
TEST-03973,
TEST-03974,
TEST-03975,
TEST-03976,
TEST-03977,
TEST-03978,
TEST-03979,
TEST-03980,
TEST-03981,
TEST-03982,
TEST-03983,
TEST-03984,
TEST-03985,
TEST-03986,
TEST-03987,
TEST-03988,
TEST-03989,
TEST-03990,
TEST-03991,
TEST-03992,
TEST-03993,
TEST-03994,
TEST-03995,
TEST-03996,
TEST-03997,
TEST-03998,
TEST-03999,
TEST-04000,
TEST-04001,
TEST-04002,
TEST-04003,
TEST-04004,
TEST-04005,
TEST-04006,
TEST-04007,
TEST-04008,
TEST-04009,
TEST-04010,
TEST-04011,
TEST-04012,
TEST-04013,
TEST-04014,
TEST-04015,
TEST-04016,
TEST-04017,
TEST-04018,
TEST-04019,
TEST-04020,
TEST-04021,
TEST-04022,
TEST-04023,
TEST-04024,
TEST-04025,
TEST-04026,
TEST-04027,
TEST-04028,
TEST-04029,
TEST-04030,
TEST-04031,
TEST-04032,
